url,URL Length,Subdomains,Hostname Length,IP,Shortener,Hyphens,At Signs,Query Parameters,Resources,Suspicious Characters,Final Domain,SSL Exists,SSL Valid,SSL Issuer,Domain Age,Domain Expiry,Domain Registrar,VT Reputation,VT Malicious,VT Suspicious,VT Undetected,VT Harmless,favicon Present,favicon Different Domains,favicon Invalid Type,Anchor Tags,Anchor Empty Hrefs,Anchor Different Domains,Anchor Different Domains Ratio,External Metas,External Metas Suspicious Words,External Metas Ratio,External Scripts,External Scripts Suspicious Words,External Scripts Ratio,External Links,External Links Ratio,Total Links,External Total,Resources Total,Resources External,Resources External Ratio,SFH Total,SFH Blank Actions,SFH Different Domains,SFH Passwords,SFH Suspicious Words,IFrame src,IFrame src Hidden,IFrame src Size,IFrame src Different Domains,IFrame src No Sandbox,IFrame External src Ratio,IFrame srcdoc,IFrame srcdoc Scripts,IFrame srcdoc Hidden,IFrame srcdoc Suspicious Words,IFrame Total,JS Total,JS Inline,JS External,JS High Risk Patterns,JS Medium Risk Patterns,JS Low Risk Patterns,JS Different Domains,JS Behave Ratio,JS Risk Patterns Ratio,JS OnMouseOver Scripts,JS OnMouseOver Tags,NLP,AR Meta Refresh,AR JS,AR Cross Domain,Hidden Login Forms,Right Click Scripts,Right Click Menu Tags
"https://t.co/ClhH1ENrLL",15,0,4,0,1,0,0,0,1,0,"t.co",1,1,"Let's Encrypt",5528.17,315.5,"whois.corporatedomains.com",0,0,0,28,66,1,1,0,55,0,3,0.05454545454545454,0,0,0,1,0,1,2,1,2,3,0,0,0,0,0,0,0,0,0,0,0,0,0,0,0,0,0,0,0,1,0,1,0,0,0,1,1,0,0,0,1,0,0,0,0,0,0
"http://propertyxpress.com.sg",21,0,21,0,0,0,0,0,0,0,"propertyxpress.com.sg",1,1,"Let's Encrypt",3725.14,657.86,"Dreamscape Networks International Pte Ltd",0,18,2,25,49,1,1,0,49,4,6,0.13333333333333333,0,0,0,7,0,0.3181818181818182,2,0.125,16,9,10,4,0.4,1,0,0,0,0,0,0,0,0,0,0,0,0,0,0,0,42,20,22,3,5,0,4,0.18181818181818182,0.4,0,0,14,0,0,0,1,0,0
"https://popl.co/card/F4VmdjLo/1",23,0,7,0,0,0,0,0,3,0,"popl.co",1,1,"Google Trust Services",2029.52,162.48,"whois.godaddy.com",0,1,0,30,63,1,6,6,6,0,5,0.8333333333333334,2,1,0.16666666666666666,2,0,0.10526315789473684,8,0.5333333333333333,15,12,13,5,0.38461538461538464,1,1,0,0,0,0,0,0,0,0,0,0,0,0,0,0,21,2,19,0,0,0,0,0,0,0,0,22,0,0,0,1,0,0
"https://ipfs.io/ipfs/bafkreicq5xninncwf32xrxcd2hh62apcz5hirjxxx7hwhx2y7eykw6j3rq",72,0,7,0,0,0,0,0,2,0,"ipfs.io",1,1,"Google Trust Services",4046.72,336.28,"http://www.cscglobal.com",0,5,0,26,63,1,0,1,3,0,2,0.6666666666666666,0,0,0,0,0,0,0,0,1,0,0,0,0,0,0,0,0,0,0,0,0,0,0,0,0,0,0,0,0,0,0,0,0,0,0,0,0,0,0,0,0,0,0,0,0,0,0
"https://choisir-son-locker.com/",22,0,22,0,0,2,0,0,0,0,"choisir-son-locker.com",1,1,"Let's Encrypt",5.5,359.5,"https://www.registrar.eu",0,15,2,29,48,1,0,0,317,8,29,0.09385113268608414,3,0,0.04918032786885246,1,0,0.1,3,0.1111111111111111,27,7,41,41,1,0,0,0,0,0,1,1,1,1,1,1,0,0,0,0,1,27,17,10,1,0,1,1,0.1,0.11764705882352941,0,0,28,0,0,0,0,0,0
"https://choisir-son-locker.com/as.php",29,0,22,0,0,2,0,0,1,0,"choisir-son-locker.com",1,1,"Let's Encrypt",5.5,359.5,"https://www.registrar.eu",0,15,2,29,48,1,0,0,317,8,29,0.09385113268608414,3,0,0.04918032786885246,1,0,0.1,3,0.1111111111111111,27,7,41,41,1,0,0,0,0,0,1,1,1,1,1,1,0,0,0,0,1,27,17,10,1,0,1,1,0.1,0.11764705882352941,0,0,28,0,0,0,0,0,0
"https://support-ledge-us.teachable.com/p/en-us",38,1,30,0,0,3,0,0,2,0,"teachable.com",1,1,"Let's Encrypt",8096.73,304.27,"http://registrar.amazon.com",0,0,0,30,64,0,0,0,0,0,0,0,1,6,0.07692307692307693,9,0,0.9,3,0.75,4,13,1,1,1,0,0,0,0,0,0,0,0,0,0,0,0,0,0,0,0,17,7,10,1,1,3,8,0.8,0.7142857142857143,0,0,9,0,0,0,0,0,0
"https://radiant-offer.com/",17,0,17,0,0,1,0,0,0,0,"radiant-offer.com",1,1,"Google Trust Services",521.98,209.02,"http://www.internet.bs",0,19,1,26,48,0,0,0,0,0,0,0,0,0,0,0,0,0,0,0,0,0,0,0,0,0,0,0,0,0,0,0,0,0,0,0,0,0,0,0,0,1,1,0,1,0,0,0,0,1,0,0,0,0,0,0,0,0,0
"https://docs.google.com/presentation/d/e/2PACX-1vQ1uYlPv6mCAHG8BraLkPtur5kyGQiZSVTY5VPm_tL5-JUy6b6SRkXyLkjp3B1GqLxBBhsois30D6RD/pub",123,1,15,0,0,2,0,0,5,0,"google.com",1,1,"Google Trust Services",10134.33,1187.67,"http://www.markmonitor.com",0,0,0,28,66,1,1,0,0,0,0,0,1,1,0.07142857142857142,0,0,0,3,0.6,5,4,0,0,0,0,0,0,0,0,0,0,0,0,0,0,0,0,0,0,0,19,18,1,0,1,1,0,0,0.1111111111111111,0,0,6,0,1,0,0,0,0
"https://play-learn-grow.ca/",18,0,18,0,0,2,0,0,0,0,"play-learn-grow.ca",1,1,"Let's Encrypt",4736.87,11.13,"ca.godaddy.com",0,17,1,27,49,1,0,0,55,0,10,0.18181818181818182,1,2,0.05555555555555555,8,0,0.7272727272727273,14,0.6666666666666666,21,23,0,0,0,0,0,0,0,0,0,0,0,0,0,0,0,0,0,0,0,18,7,11,0,1,3,8,0.7272727272727273,0.5714285714285714,0,0,38,0,1,0,0,0,0
"https://allegrolokalnie.psl-482563.top/",30,1,30,0,0,1,0,0,0,0,"psl-482563.top",1,1,"Let's Encrypt",24.5,340.5,"https://www.openprovider.com",0,5,1,32,56,0,0,0,1,1,0,0,0,0,0,2,0,1,0,0,0,2,1,1,1,0,0,0,0,0,0,0,0,0,0,0,1,0,1,0,1,8,6,2,0,1,2,1,0.5,0.5,0,0,0,0,1,0,0,0,0
"https://tonkepeirextension.webflow.io",29,1,29,0,0,0,0,0,0,0,"webflow.io",1,1,"Amazon",4420.4,1058.6,"http://www.markmonitor.com",0,0,0,29,65,1,1,0,0,0,0,0,0,0,0,0,0,0,2,1,2,2,0,0,0,0,0,0,0,0,0,0,0,0,0,0,0,0,0,0,0,0,0,0,0,0,0,0,0,0,0,0,0,0,0,0,0,0,0
"https://form.jotform.com/251623417044046",32,1,16,0,0,0,0,0,1,0,"jotform.com",1,1,"Google Trust Services",7156.53,1609.47,"http://tucowsdomains.com",0,0,0,29,65,1,2,0,1,0,1,1,1,1,0.125,5,0,1,6,0.6666666666666666,9,12,2,0,0,1,0,0,0,0,0,0,0,0,0,0,0,0,0,0,0,12,7,5,0,0,0,5,1,0,0,0,2,0,0,0,1,0,0
"https://wonday.blob.core.windows.net/wonday/fondationface.html",54,3,28,0,0,0,0,0,2,0,"windows.net",1,1,"Microsoft Corporation",10901.33,355.17,"http://www.markmonitor.com",0,0,0,30,64,0,0,0,23,22,1,1,0,0,0,4,0,1,0,0,0,4,19,19,1,0,0,0,0,0,0,0,0,0,0,0,0,0,0,0,0,7,3,4,2,1,0,2,0.5,1,0,0,62,0,0,0,0,1,0
"https://eu.jotform.com/app/251621749435359",34,1,14,0,0,0,0,0,2,0,"jotform.com",1,1,"Google Trust Services",7156.53,1609.47,"http://tucowsdomains.com",0,0,0,29,65,1,8,0,0,0,0,0,0,1,0,8,0,0.8888888888888888,18,0.6,30,26,2,0,0,0,0,0,0,0,0,0,0,0,0,0,0,0,0,0,0,13,4,9,0,0,0,8,0.8888888888888888,0,0,0,48,0,0,0,0,0,0
"http://brooksclubs.org",15,0,15,0,0,0,0,0,0,0,"brooksclubs.org",1,1,"Google Trust Services",205.5,159.5,"http://www.namecheap.com",0,15,1,26,52,0,0,0,5,0,5,1,0,0,0,0,0,0,0,0,1,0,0,0,0,0,0,0,0,0,0,0,0,0,0,0,0,0,0,0,0,1,1,0,0,0,0,0,0,0,0,0,0,0,0,0,0,0,0
"https://t.ly/Zg0GF?submitted-id=29F1YIENOO3Y99GAXR5F",44,0,4,0,0,1,0,1,1,0,"t.ly",1,1,"Google Trust Services",5583.58,1015.42,"Libyan Spider Network (int)",0,0,1,28,65,1,0,0,57,2,7,0.12727272727272726,0,0,0,15,0,0.8823529411764706,1,0.14285714285714285,7,16,26,5,0.19230769230769232,1,1,0,0,0,5,5,2,2,5,0.4,0,0,0,0,5,26,9,17,0,1,1,11,0.6470588235294118,0.2222222222222222,0,0,9,0,0,0,1,0,0
"https://blinq.me/4z78iwyMpxyZ?bs=db",27,0,8,0,0,0,0,1,1,0,"blinq.me",1,1,"Let's Encrypt",2239.14,1048.86,"http://key-systems.net",0,2,0,30,62,1,0,1,0,0,0,0,0,0,0,1,0,0.14285714285714285,0,0,10,1,0,0,0,0,0,0,0,0,0,0,0,0,0,0,0,0,0,0,0,14,7,7,0,1,1,1,0.14285714285714285,0.2857142857142857,0,0,0,0,0,0,0,0,0
"https://rare-freckle-chip.glitch.me/dgddhdh.html",40,1,27,0,0,2,0,0,1,0,"glitch.me",1,1,"Amazon",6174.72,34.28,"http://www.markmonitor.com",0,3,0,28,63,0,0,0,2,0,2,1,0,0,0,0,0,0,1,1,1,1,1,1,1,0,0,0,0,0,0,0,0,0,0,0,0,0,0,0,0,0,0,0,0,0,0,0,0,0,0,0,0,0,0,0,0,0,0
"https://emilaebuaks.blob.core.windows.net/ebukael/valideials.html#info@mup.cz",57,3,33,0,0,0,1,0,2,0,"windows.net",1,1,"Microsoft Corporation",10901.33,355.17,"http://www.markmonitor.com",0,0,0,30,64,1,1,1,0,0,0,0,0,0,0,6,0,1,3,1,3,9,5,3,0.6,1,1,0,1,1,1,1,0,1,1,1,0,0,0,0,1,12,6,6,2,1,2,2,0.3333333333333333,0.8333333333333334,0,0,57,0,0,0,1,0,0
"https://mondiaidelivpro.com/",19,0,19,0,0,0,0,0,0,0,"mondiaidelivpro.com",1,1,"Google Trust Services",3.5,361.5,"http://tucowsdomains.com",0,18,0,28,48,0,0,0,1,0,1,1,0,0,0,0,0,0,0,0,1,0,0,0,0,0,0,0,0,0,0,0,0,0,0,0,0,0,0,0,0,3,3,0,0,0,0,0,0,0,0,0,1,0,0,0,0,0,0
"https://mondiaidelivpro.com/suivi-de-colis/265022126",44,0,19,0,0,2,0,0,2,0,"mondiaidelivpro.com",1,1,"Google Trust Services",3.5,361.5,"http://tucowsdomains.com",0,18,0,28,48,0,0,0,2,0,2,1,0,0,0,1,0,1,0,0,1,1,0,0,0,1,0,0,0,0,0,0,0,0,0,0,0,0,0,0,0,5,4,1,0,0,0,0,0,0,0,0,0,0,0,0,1,0,0
"https://blank-template-6-17717.getresponsesite.com/",42,1,42,0,0,3,0,0,0,0,"getresponsesite.com",1,1,"Let's Encrypt",1301.96,159.04,"http://www.ovh.com",0,2,0,31,61,0,0,0,0,0,0,0,0,0,0,0,0,0,0,0,0,0,0,0,0,0,0,0,0,0,0,0,0,0,0,0,0,0,0,0,0,0,0,0,0,0,0,0,0,0,0,0,0,0,0,0,0,0,0
"https://social-trip-410071.framer.app/",29,1,29,0,0,2,0,0,0,0,"framer.app",1,1,"Let's Encrypt",1716.13,474.87,"http://www.cscglobal.com",0,0,0,30,64,1,3,0,1,0,1,1,1,1,0.08333333333333333,2,1,1,10,0.9090909090909091,11,13,1,1,1,1,1,0,0,0,0,0,0,0,0,0,0,0,0,0,0,5,3,2,0,0,0,2,1,0,0,0,6,0,0,0,1,0,0
"https://allegrolokalnie.pl-eplatnosci-24h.icu/oferta/okazja!-sprzedam-zestaw-mebli-ogrodowych?id=436786366",98,1,37,0,0,6,0,1,2,0,"pl-eplatnosci-24h.icu",1,1,"Google Trust Services",4.5,360.5,"https://www.webnic.cc",0,3,1,32,58,0,0,0,2,0,2,1,0,0,0,1,0,1,0,0,1,1,0,0,0,1,0,0,0,0,0,0,0,0,0,0,0,0,0,0,0,5,4,1,0,0,0,0,0,0,0,0,0,0,0,0,1,0,0
"https://suietthevalidator.pages.dev",27,1,27,0,0,0,0,0,0,0,"pages.dev",1,1,"Google Trust Services",1746.39,444.61,"None",0,0,0,29,65,0,0,0,2,0,2,1,0,0,0,1,0,1,0,0,1,1,0,0,0,1,0,0,0,0,0,0,0,0,0,0,0,0,0,0,0,5,4,1,0,0,0,0,0,0,0,0,0,0,0,0,1,0,0
"https://service-orange1.godaddysites.com/",32,1,32,0,0,1,0,0,0,0,"godaddysites.com",1,1,"GoDaddy.com, Inc.",4225.78,2714.22,"http://www.godaddy.com",0,1,0,29,64,1,8,8,4,1,3,1,0,0,0,37,0,1,8,0.8888888888888888,9,45,5,5,1,1,1,0,0,0,1,1,0,1,0,1,0,0,0,0,1,40,3,37,1,0,0,35,0.9459459459459459,0.3333333333333333,0,0,3,0,0,0,1,0,0
"https://allegrolokalnie.hdmtl.sbs/aukcja/traktorek-kosiarka-castel-garden-rok-2011-silnik-briggsa-18-5-hp-350708",104,1,25,0,0,11,0,0,2,0,"hdmtl.sbs",1,1,"Google Trust Services",4.5,360.5,"https://www.webnic.cc",0,5,1,32,56,0,0,0,2,0,2,1,0,0,0,1,0,1,0,0,1,1,0,0,0,1,0,0,0,0,0,0,0,0,0,0,0,0,0,0,0,5,4,1,0,0,0,0,0,0,0,0,0,0,0,0,1,0,0
"https://popl.co/card/jJD3Km3e/1",23,0,7,0,0,0,0,0,3,0,"popl.co",1,1,"Google Trust Services",2029.52,162.48,"whois.godaddy.com",0,1,0,30,63,1,6,6,6,0,5,0.8333333333333334,2,1,0.16666666666666666,1,0,0.05555555555555555,8,0.5333333333333333,15,11,13,5,0.38461538461538464,1,1,0,0,0,0,0,0,0,0,0,0,0,0,0,0,20,2,18,0,0,0,0,0,0,0,0,19,0,0,0,1,0,0
"https://sites.google.com/view/web-de-web/home",37,1,16,0,0,2,0,0,3,0,"google.com",1,1,"Google Trust Services",10134.33,1187.67,"http://www.markmonitor.com",0,0,0,28,66,1,1,0,2,0,0,0,4,4,0.3333333333333333,2,0,0.5,4,1,4,10,1,1,1,0,0,0,0,0,0,0,0,0,0,0,0,0,0,0,0,14,10,4,0,0,1,0,0,0.1,0,0,0,0,0,0,0,0,0
"https://mlan.blob.core.windows.net/mlan/mlan.html",41,3,26,0,0,0,0,0,2,0,"windows.net",1,1,"Microsoft Corporation",10901.33,355.17,"http://www.markmonitor.com",0,0,0,30,64,0,0,0,23,22,1,1,0,0,0,4,0,1,0,0,0,4,19,19,1,0,0,0,0,0,0,0,0,0,0,0,0,0,0,0,0,7,3,4,2,1,0,2,0.5,1,0,0,63,0,0,0,0,1,0
"https://app.jotform.com/251617684183867",31,1,15,0,0,0,0,0,1,0,"jotform.com",1,1,"Google Trust Services",7156.53,1609.47,"http://tucowsdomains.com",0,0,0,29,65,1,1,0,0,0,0,0,0,5,0,8,0,0.8888888888888888,11,0.36666666666666664,30,19,2,0,0,0,0,0,0,0,0,0,0,0,0,0,0,0,0,0,0,13,4,9,0,0,0,8,0.8888888888888888,0,0,0,59,0,0,0,0,0,0
"https://muse.io/bt-internet-fa741d",26,0,7,0,0,2,0,0,1,0,"muse.io",1,1,"Let's Encrypt",1820.61,5.39,"http://www.godaddy.com/domains/search.aspx?ci=8990",0,3,0,30,61,1,11,1,5,0,1,0.2,1,0,0.05,2,0,0.04878048780487805,12,0.6666666666666666,18,15,2,0,0,0,0,0,0,0,0,0,0,0,0,0,0,0,0,0,0,73,32,41,0,0,0,2,0.04878048780487805,0,0,0,17,0,0,0,0,0,0
"https://eu.jotform.com/app/251621635978365",34,1,14,0,0,0,0,0,2,0,"jotform.com",1,1,"Google Trust Services",7156.53,1609.47,"http://tucowsdomains.com",0,0,0,29,65,1,8,0,0,0,0,0,0,1,0,8,0,0.8888888888888888,18,0.6,30,26,2,0,0,0,0,0,0,0,0,0,0,0,0,0,0,0,0,0,0,13,4,9,0,0,0,8,0.8888888888888888,0,0,0,48,0,0,0,0,0,0
"https://allegrolokalnie.pz-5945-54.top/",30,1,30,0,0,2,0,0,0,0,"pz-5945-54.top",1,1,"Let's Encrypt",13.5,351.5,"https://www.openprovider.com",0,3,0,32,59,0,0,0,1,1,0,0,0,0,0,2,0,1,0,0,0,2,1,1,1,0,0,0,0,0,0,0,0,0,0,0,1,0,1,0,1,8,6,2,0,1,2,1,0.5,0.5,0,0,0,0,1,0,0,0,0
"https://chill-polished-glockenspiel.glitch.me/",37,1,37,0,0,2,0,0,0,0,"glitch.me",1,1,"Amazon",6174.72,34.28,"http://www.markmonitor.com",0,3,0,28,63,0,0,0,2,2,0,0,0,0,0,2,1,1,2,1,2,4,0,0,0,0,0,0,0,0,0,0,0,0,0,0,0,0,0,0,0,3,1,2,0,0,1,2,1,1,0,0,23,0,0,0,0,0,0
"https://blinq.me/3xcx0YTHpHJk?bs=db",27,0,8,0,0,0,0,1,1,0,"blinq.me",1,1,"Let's Encrypt",2239.14,1048.86,"http://key-systems.net",0,2,0,30,62,1,0,1,0,0,0,0,0,0,0,1,0,0.14285714285714285,0,0,10,1,0,0,0,0,0,0,0,0,0,0,0,0,0,0,0,0,0,0,0,14,7,7,0,1,1,1,0.14285714285714285,0.2857142857142857,0,0,0,0,0,0,0,0,0
"https://blinq.me/cmbpzdbbw00a9s60lqegt4ozk?bs=db",40,0,8,0,0,0,0,1,1,0,"blinq.me",1,1,"Let's Encrypt",2239.14,1048.86,"http://key-systems.net",0,2,0,30,62,1,0,1,0,0,0,0,0,0,0,1,0,0.14285714285714285,0,0,10,1,0,0,0,0,0,0,0,0,0,0,0,0,0,0,0,0,0,0,0,14,7,7,0,1,1,1,0.14285714285714285,0.2857142857142857,0,0,0,0,0,0,0,0,0
"https://blinq.me/HdqkQjQhBcZc?bs=db",27,0,8,0,0,0,0,1,1,0,"blinq.me",1,1,"Let's Encrypt",2239.14,1048.86,"http://key-systems.net",0,2,0,30,62,1,0,1,0,0,0,0,0,0,0,1,0,0.14285714285714285,0,0,10,1,0,0,0,0,0,0,0,0,0,0,0,0,0,0,0,0,0,0,0,15,8,7,0,1,1,1,0.14285714285714285,0.25,0,0,0,0,0,0,0,0,0
"https://blinq.me/ANEw3KzBcW3J?bs=db",27,0,8,0,0,0,0,1,1,0,"blinq.me",1,1,"Let's Encrypt",2239.14,1048.86,"http://key-systems.net",0,2,0,30,62,1,0,1,0,0,0,0,0,0,0,1,0,0.14285714285714285,0,0,10,1,0,0,0,0,0,0,0,0,0,0,0,0,0,0,0,0,0,0,0,15,8,7,0,1,1,1,0.14285714285714285,0.25,0,0,0,0,0,0,0,0,0
"https://blinq.me/IplNaQXHVnFu?bs=db",27,0,8,0,0,0,0,1,1,0,"blinq.me",1,1,"Let's Encrypt",2239.14,1048.86,"http://key-systems.net",0,2,0,30,62,1,0,1,0,0,0,0,0,0,0,1,0,0.14285714285714285,0,0,10,1,0,0,0,0,0,0,0,0,0,0,0,0,0,0,0,0,0,0,0,15,8,7,0,1,1,1,0.14285714285714285,0.25,0,0,0,0,0,0,0,0,0
"https://blinq.me/5xUCeBqX7swG?bs=db",27,0,8,0,0,0,0,1,1,0,"blinq.me",1,1,"Let's Encrypt",2239.14,1048.86,"http://key-systems.net",0,2,0,30,62,1,0,1,0,0,0,0,0,0,0,1,0,0.14285714285714285,0,0,10,1,0,0,0,0,0,0,0,0,0,0,0,0,0,0,0,0,0,0,0,15,8,7,0,1,1,1,0.14285714285714285,0.25,0,0,0,0,0,0,0,0,0
"https://blinq.me/5NVc5G4k3pZ1?bs=db",27,0,8,0,0,0,0,1,1,0,"blinq.me",1,1,"Let's Encrypt",2239.14,1048.86,"http://key-systems.net",0,2,0,30,62,1,0,1,0,0,0,0,0,0,0,1,0,0.14285714285714285,0,0,10,1,0,0,0,0,0,0,0,0,0,0,0,0,0,0,0,0,0,0,0,14,7,7,0,1,1,1,0.14285714285714285,0.2857142857142857,0,0,0,0,0,0,0,0,0
"https://blinq.me/aY8tG0B47wms?bs=db",27,0,8,0,0,0,0,1,1,0,"blinq.me",1,1,"Let's Encrypt",2239.14,1048.86,"http://key-systems.net",0,2,0,30,62,1,0,1,0,0,0,0,0,0,0,1,0,0.14285714285714285,0,0,10,1,0,0,0,0,0,0,0,0,0,0,0,0,0,0,0,0,0,0,0,14,7,7,0,1,1,1,0.14285714285714285,0.2857142857142857,0,0,0,0,0,0,0,0,0
"http://srv234943.hoster-test.ru/antai/embed?url=aHR0cDovL3NydjIzNDk0My5ob3N0ZXItdGVzdC5ydS9hbnRhaS8vY2FjaGUvVkpVUGZ1blRRSXFlT3pRbz8=",125,1,24,0,0,1,0,1,2,0,"hoster-test.ru",0,0,"Unknown",6009.63,-1,"DOMENUS-RU",0,9,2,28,55,0,0,0,0,0,0,0,0,0,0,0,0,0,0,0,0,0,0,0,0,0,0,0,0,0,0,0,0,0,0,0,0,0,0,0,0,0,0,0,0,0,0,0,0,0,0,0,0,0,0,0,0,0,0
"https://stan-kasse-erneuern.life/error404",33,0,24,0,0,2,0,0,1,0,"stan-kasse-erneuern.life",1,1,"Let's Encrypt",6.5,358.5,"http://www.namesilo.com",0,5,1,31,57,0,0,0,0,0,0,0,0,0,0,0,0,0,0,0,0,0,0,0,0,0,0,0,0,0,0,0,0,0,0,0,0,0,0,0,0,0,0,0,0,0,0,0,0,0,0,0,0,0,0,0,0,0,0
"https://stan-kasse-erneuern.life/de/7/identification/start/683086b304875",64,0,24,0,0,2,0,0,5,0,"stan-kasse-erneuern.life",1,1,"Let's Encrypt",6.5,358.5,"http://www.namesilo.com",0,5,1,31,57,0,0,0,0,0,0,0,0,0,0,0,0,0,0,0,0,0,0,0,0,0,0,0,0,0,0,0,0,0,0,0,0,0,0,0,0,0,0,0,0,0,0,0,0,0,0,0,0,0,0,0,0,0,0
"https://uhfqob.livslprl.es/3c@/",22,1,18,0,0,0,1,0,1,1,"livslprl.es",0,0,"Unknown",-1,-1,"Unknown",0,6,2,31,55,0,0,0,2,0,2,1,0,0,0,1,0,1,0,0,1,1,0,0,0,1,0,0,0,0,0,0,0,0,0,0,0,0,0,0,0,5,4,1,0,0,0,0,0,0,0,0,0,0,0,0,1,0,0
"https://ipfs.io/ipfs/bafkreiawggzot6bvgceonldzkv4po7kzl6r7hnzs3ojbxfz2xs7wguboba",72,0,7,0,0,0,0,0,2,0,"ipfs.io",1,1,"Google Trust Services",4046.73,336.27,"http://www.cscglobal.com",0,5,0,26,63,1,0,1,3,0,2,0.6666666666666666,0,0,0,0,0,0,0,0,1,0,0,0,0,0,0,0,0,0,0,0,0,0,0,0,0,0,0,0,0,0,0,0,0,0,0,0,0,0,0,0,0,0,0,0,0,0,0
"http://allegrolokalne.pl-1619.sbs",26,1,26,0,0,1,0,0,0,0,"pl-1619.sbs",1,1,"Google Trust Services",3.5,361.5,"https://www.webnic.cc",0,13,2,27,52,1,1,0,18,0,3,0.16666666666666666,0,0,0,1,0,0.16666666666666666,2,0.4,5,3,2,0,0,1,0,0,0,0,0,0,0,0,0,0,0,0,0,0,0,15,9,6,2,2,2,0,0,0.6666666666666666,0,0,37,0,0,0,1,0,0
"http://allegrolokainie.pl-1619.sbs",27,1,27,0,0,1,0,0,0,0,"pl-1619.sbs",1,1,"Google Trust Services",3.5,361.5,"https://www.webnic.cc",0,13,2,27,52,1,1,0,18,0,3,0.16666666666666666,0,0,0,1,0,0.16666666666666666,2,0.4,5,3,2,0,0,1,0,0,0,0,0,0,0,0,0,0,0,0,0,0,0,15,9,6,2,2,2,0,0,0.6666666666666666,0,0,37,0,0,0,1,0,0
"http://allegro.pl-1619.sbs",19,1,19,0,0,1,0,0,0,0,"pl-1619.sbs",1,1,"Google Trust Services",3.5,361.5,"https://www.webnic.cc",0,13,2,27,52,1,1,0,18,0,3,0.16666666666666666,0,0,0,1,0,0.16666666666666666,2,0.4,5,3,2,0,0,1,0,0,0,0,0,0,0,0,0,0,0,0,0,0,0,15,9,6,2,2,2,0,0,0.6666666666666666,0,0,37,0,0,0,1,0,0
"https://allegrolokalnie.pl-1619.sbs",27,1,27,0,0,1,0,0,0,0,"pl-1619.sbs",1,1,"Google Trust Services",3.5,361.5,"https://www.webnic.cc",0,13,2,27,52,1,1,0,18,0,3,0.16666666666666666,0,0,0,1,0,0.16666666666666666,2,0.4,5,3,2,0,0,1,0,0,0,0,0,0,0,0,0,0,0,0,0,0,0,15,9,6,2,2,2,0,0,0.6666666666666666,0,0,37,0,0,0,1,0,0
"http://allegrolokalnie.kategorie-inne-21987.com",40,1,40,0,0,2,0,0,0,0,"kategorie-inne-21987.com",1,1,"Google Trust Services",3.5,361.5,"http://www.hello.co",0,3,0,33,58,1,1,0,18,0,3,0.16666666666666666,0,0,0,1,0,0.16666666666666666,2,0.4,5,3,2,0,0,1,0,0,0,0,0,0,0,0,0,0,0,0,0,0,0,15,9,6,2,2,2,0,0,0.6666666666666666,0,0,37,0,0,0,1,0,0
"https://dog-bouncy-surf.glitch.me/wdfg.html",35,1,25,0,0,2,0,0,1,0,"glitch.me",1,1,"Amazon",6174.72,34.28,"http://www.markmonitor.com",0,3,0,28,63,0,0,0,2,0,2,1,0,0,0,0,0,0,1,1,1,1,1,1,1,0,0,0,0,0,0,0,0,0,0,0,0,0,0,0,0,0,0,0,0,0,0,0,0,0,0,0,0,0,0,0,0,0,0
"http://srv234925.hoster-test.ru/Postmaster/index.php?id=tips@fbi.gov",61,1,24,0,0,1,1,1,2,1,"hoster-test.ru",0,0,"Unknown",6009.63,-1,"DOMENUS-RU",0,9,2,28,55,1,1,0,1,1,0,0,0,0,0,0,0,0,1,1,1,1,0,0,0,1,1,0,1,0,0,0,0,0,0,0,0,0,0,0,0,4,4,0,4,0,1,0,0,1.25,0,0,12,0,0,0,1,0,0
"https://remoteworkallowsflexible.8yuue.com/",34,1,34,0,0,0,0,0,0,0,"8yuue.com",1,1,"Google Trust Services",276.5,88.5,"http://www.gzidc.com",0,4,3,32,55,0,0,0,0,0,0,0,0,0,0,0,0,0,0,0,0,0,0,0,0,0,0,0,0,0,0,0,0,0,0,0,0,0,0,0,0,0,0,0,0,0,0,0,0,0,0,0,0,0,0,0,0,0,0
"https://choix-creneau.com/",17,0,17,0,0,1,0,0,0,0,"choix-creneau.com",1,1,"Let's Encrypt",4.5,360.5,"http://www.ownregistrar.com",0,14,0,29,51,0,0,0,0,0,0,0,0,0,0,0,0,0,0,0,0,0,0,0,0,0,0,0,0,0,0,0,0,0,0,0,0,0,0,0,0,0,0,0,0,0,0,0,0,0,0,0,0,0,0,0,0,0,0
"https://choix-creneau.com/as.php",24,0,17,0,0,1,0,0,1,0,"choix-creneau.com",1,1,"Let's Encrypt",4.5,360.5,"http://www.ownregistrar.com",0,14,0,29,51,1,0,0,321,8,29,0.0926517571884984,3,0,0.04918032786885246,1,0,0.1,3,0.1111111111111111,27,7,41,41,1,0,0,0,0,0,1,1,1,1,1,1,0,0,0,0,1,27,17,10,1,0,1,1,0.1,0.11764705882352941,0,0,27,0,0,0,0,0,0
"https://creneau-choix.com/",17,0,17,0,0,1,0,0,0,0,"creneau-choix.com",1,1,"Let's Encrypt",3.5,361.5,"http://www.ownregistrar.com",0,13,0,29,52,0,0,0,0,0,0,0,0,0,0,0,0,0,0,0,0,0,0,0,0,0,0,0,0,0,0,0,0,0,0,0,0,0,0,0,0,0,0,0,0,0,0,0,0,0,0,0,0,0,0,0,0,0,0
"https://creneau-choix.com/as.php",24,0,17,0,0,1,0,0,1,0,"creneau-choix.com",1,1,"Let's Encrypt",3.5,361.5,"http://www.ownregistrar.com",0,13,0,29,52,1,0,0,317,8,29,0.09385113268608414,3,0,0.04918032786885246,1,0,0.1,3,0.1111111111111111,27,7,41,41,1,0,0,0,0,0,1,1,1,1,1,1,0,0,0,0,1,27,17,10,1,0,1,1,0.1,0.11764705882352941,0,0,27,0,0,0,0,0,0
"https://creneau-horaires.com/",20,0,20,0,0,1,0,0,0,0,"creneau-horaires.com",1,1,"Let's Encrypt",2.4,362.6,"http://www.ownregistrar.com",0,14,0,31,49,0,0,0,0,0,0,0,0,0,0,0,0,0,0,0,0,0,0,0,0,0,0,0,0,0,0,0,0,0,0,0,0,0,0,0,0,0,0,0,0,0,0,0,0,0,0,0,0,0,0,0,0,0,0
"https://creneau-horaires.com/as.php",27,0,20,0,0,1,0,0,1,0,"creneau-horaires.com",1,1,"Let's Encrypt",2.4,362.6,"http://www.ownregistrar.com",0,14,0,31,49,1,0,0,317,8,29,0.09385113268608414,3,0,0.04918032786885246,1,0,0.1,3,0.1111111111111111,27,7,41,41,1,0,0,0,0,0,1,1,1,1,1,1,0,0,0,0,1,27,17,10,1,0,1,1,0.1,0.11764705882352941,0,0,27,0,0,0,0,0,0
"https://docs.google.com/presentation/d/e/2PACX-1vT3Ln_R7oiGCSFKauq2PiOGKBHiNuuB4zR41k_iM0GsSl2KT6rtXO3MwyaRKhkCfAoFu_CCTpYJfLhG/pub?start=false&amp;loop=false&amp;delayms=3000",167,1,15,0,0,1,0,3,5,0,"google.com",1,1,"Google Trust Services",10134.34,1187.66,"http://www.markmonitor.com",0,0,0,28,66,1,0,0,3,0,0,0,0,1,0,0,0,0,1,0.5,2,1,1,1,1,0,0,0,0,0,0,0,0,0,0,0,0,0,0,0,0,0,0,0,0,0,0,0,0,0,0,0,0,0,0,0,0,0,0
"https://wide-computer-old.on-fleek.app/original.html#aaaa@example.jp",44,1,30,0,0,3,1,0,1,0,"on-fleek.app",1,1,"Let's Encrypt",687.48,773.52,"http://www.1API.net",0,1,1,29,63,1,1,1,4,4,0,0,0,0,0,10,0,1,2,1,2,12,1,0,0,1,0,0,1,0,0,0,0,0,0,0,0,0,0,0,0,12,2,10,3,0,5,4,0.4,4,0,0,146,0,0,0,1,0,0
"https://able-sawfish-fe1.notion.site/OptusNet-Webmail-21076ba6551e8065a89ef034733cff75",78,1,28,0,0,4,0,0,1,0,"notion.site",1,1,"Google Trust Services",1648.63,907.5,"http://www.name.com",0,0,0,30,64,1,0,0,2,0,2,1,2,2,0.1,0,0,0,0,0,9,2,1,1,1,0,0,0,0,0,1,1,0,1,0,1,0,0,0,0,1,20,15,5,0,0,1,0,0,0.06666666666666667,0,0,1,1,0,0,0,0,0
"https://docs.google.com/presentation/d/e/2PACX-1vTPq_tmfquaWnMlL_TI3eMrcAUaiBdsQWEd2JnhnTZEBwZ_4XmEiFy0aNSivpEKGJhK95G2ykPHLsFm/pub?start=false&amp;loop=false&amp;delayms=3000",167,1,15,0,0,1,0,3,5,0,"google.com",1,1,"Google Trust Services",10134.34,1187.66,"http://www.markmonitor.com",0,0,0,28,66,1,0,0,3,0,0,0,0,1,0,0,0,0,1,0.5,2,1,1,1,1,0,0,0,0,0,0,0,0,0,0,0,0,0,0,0,0,0,0,0,0,0,0,0,0,0,0,0,0,0,0,0,0,0,0
"https://dkmhrhf.cyou/9ZpQOG",19,0,12,0,0,0,0,0,1,0,"dkmhrhf.cyou",1,1,"Google Trust Services",348.5,16.5,"whois.discount-domain.com",0,11,0,29,54,0,0,0,2,0,2,1,0,0,0,1,0,1,0,0,1,1,0,0,0,1,0,0,0,0,0,0,0,0,0,0,0,0,0,0,0,5,4,1,0,0,0,0,0,0,0,0,0,0,0,0,1,0,0
"https://obkit.cn/I9rcLr",15,0,8,0,0,0,0,0,1,0,"obkit.cn",1,1,"Google Trust Services",362.45,2.55,"e72adf55c6faa8dd",0,12,1,28,53,0,0,0,2,0,2,1,0,0,0,0,0,0,0,0,1,0,0,0,0,1,0,0,0,0,0,0,0,0,0,0,0,0,0,0,0,3,3,0,0,0,0,0,0,0,0,0,0,0,0,0,1,0,0
"https://ccwgp.cn/ethotelevisionetlogin",30,0,8,0,0,0,0,0,1,0,"ccwgp.cn",1,1,"Google Trust Services",362.45,2.55,"934d2969e60614e7",0,12,5,26,51,1,1,0,915,108,86,0.10656753407682776,2,2,0.1111111111111111,35,0,0.7608695652173914,8,0.8,10,45,353,351,0.9943342776203966,1,0,0,0,0,0,0,0,0,0,0,0,0,0,0,0,75,29,46,1,0,2,35,0.7608695652173914,0.10344827586206896,0,0,9,0,0,0,1,0,0
"https://thread-church-029.notion.site/OptusNet-Webmail-210418d124f4801596c8fa31d6dc0a28",79,1,29,0,0,4,0,0,1,0,"notion.site",1,1,"Google Trust Services",1648.63,907.5,"http://www.name.com",0,0,0,30,64,1,0,0,0,0,0,0,4,2,0.2,0,0,0,0,0,8,4,1,1,1,0,0,0,0,0,1,1,0,1,0,1,0,0,0,0,1,21,15,6,0,0,1,0,0,0.06666666666666667,0,0,5,1,0,0,0,0,0
"https://mqhthn.cn/ethotelevisionetlogin",31,0,9,0,0,0,0,0,1,0,"mqhthn.cn",1,1,"Google Trust Services",359.86,5.14,"934d2969e60614e7",0,15,4,26,49,1,1,0,915,108,86,0.10656753407682776,2,2,0.1111111111111111,35,0,0.7608695652173914,8,0.8,10,45,353,351,0.9943342776203966,1,0,0,0,0,0,0,0,0,0,0,0,0,0,0,0,75,29,46,1,0,2,35,0.7608695652173914,0.10344827586206896,0,0,9,0,0,0,1,0,0
"https://docs.google.com/presentation/d/e/2PACX-1vSbQblMMEtruERQ5vqHUpvfJSj42vK45tmjcMkrcNHdJ9V9G5S9cKQi40U-bFuwwAxb8FC9djk_KE-Z/pub?start=false&amp;loop=false&amp;delayms=3000",167,1,15,0,0,3,0,3,5,0,"google.com",1,1,"Google Trust Services",10134.34,1187.66,"http://www.markmonitor.com",0,0,0,28,66,1,0,0,3,0,0,0,0,1,0,0,0,0,1,0.5,2,1,1,1,1,0,0,0,0,0,0,0,0,0,0,0,0,0,0,0,0,0,0,0,0,0,0,0,0,0,0,0,0,0,0,0,0,0,0
"https://fevidint.com//es/?email=redacted@abuse.ionos.com",47,0,12,0,0,0,1,1,1,1,"fevidint.com",1,1,"Let's Encrypt",494.75,236.25,"http://www.publicdomainregistry.com",0,4,0,29,61,1,0,1,164,2,16,0.09876543209876543,1,1,0.07692307692307693,13,2,0.28888888888888886,13,0.3939393939393939,33,27,147,88,0.5986394557823129,1,1,0,0,0,0,0,0,0,0,0,0,0,0,0,0,60,15,45,4,0,10,13,0.28888888888888886,0.9333333333333333,0,0,376,0,0,0,1,0,0
"http://tonkeieperaextension.webflow.io",31,1,31,0,0,0,0,0,0,0,"webflow.io",1,1,"Amazon",4420.41,1058.59,"http://www.markmonitor.com",0,0,0,29,65,1,1,0,0,0,0,0,0,0,0,0,0,0,2,1,2,2,0,0,0,0,0,0,0,0,0,0,0,0,0,0,0,0,0,0,0,0,0,0,0,0,0,0,0,0,0,0,0,0,0,0,0,0,0
"https://tonkeieperaextension.webflow.io/",31,1,31,0,0,0,0,0,0,0,"webflow.io",1,1,"Amazon",4420.41,1058.59,"http://www.markmonitor.com",0,0,0,29,65,1,1,0,0,0,0,0,0,0,0,0,0,0,2,1,2,2,0,0,0,0,0,0,0,0,0,0,0,0,0,0,0,0,0,0,0,0,0,0,0,0,0,0,0,0,0,0,0,0,0,0,0,0,0
"https://download-tonkeper-extension.webflow.io/",38,1,38,0,0,2,0,0,0,0,"webflow.io",1,1,"Amazon",4420.41,1058.59,"http://www.markmonitor.com",0,0,0,29,65,1,1,0,0,0,0,0,0,0,0,0,0,0,2,1,2,2,0,0,0,0,0,0,0,0,0,0,0,0,0,0,0,0,0,0,0,0,0,0,0,0,0,0,0,0,0,0,0,0,0,0,0,0,0
"http://download-tonkeper-extension.webflow.io",38,1,38,0,0,2,0,0,0,0,"webflow.io",1,1,"Amazon",4420.41,1058.59,"http://www.markmonitor.com",0,0,0,29,65,1,1,0,0,0,0,0,0,0,0,0,0,0,2,1,2,2,0,0,0,0,0,0,0,0,0,0,0,0,0,0,0,0,0,0,0,0,0,0,0,0,0,0,0,0,0,0,0,0,0,0,0,0,0
"https://nchdiwk.asia/tLGfjZ/",19,0,12,0,0,0,0,0,1,0,"nchdiwk.asia",1,1,"Google Trust Services",5.5,359.5,"https://www.alibabacloud.com/domain",0,6,1,28,59,0,0,0,2,0,2,1,0,0,0,0,0,0,0,0,1,0,0,0,0,1,0,0,0,0,0,0,0,0,0,0,0,0,0,0,0,3,3,0,0,0,0,0,0,0,0,0,0,0,0,0,1,0,0
"https://solicitud-de-firma-digital-electronica-2025-di-cr.webnode.cr",60,1,60,0,0,7,0,0,0,0,"webnode.cr",1,1,"Let's Encrypt",2738.76,548.49,"228789-IX",0,1,0,32,61,0,0,0,1,0,1,1,0,0,0,0,0,0,2,1,2,2,0,0,0,0,0,0,0,0,0,0,0,0,0,0,0,0,0,0,0,1,1,0,0,1,0,0,0,1,0,0,7,0,0,0,0,0,0
"https://solicitud-de-firma-digital-electronica-2025-di-cr.webnode.cr/paso-2/",67,1,60,0,0,8,0,0,1,0,"webnode.cr",1,1,"Let's Encrypt",2738.76,548.49,"228789-IX",0,1,0,32,61,0,0,0,1,0,1,1,0,0,0,0,0,0,2,1,2,2,0,0,0,0,0,0,0,0,0,0,0,0,0,0,0,0,0,0,0,1,1,0,0,1,0,0,0,1,0,0,7,0,0,0,0,0,0
"http://allegrolokalnie.pl-oferta4124403.icu",36,1,36,0,0,1,0,0,0,0,"pl-oferta4124403.icu",1,1,"Google Trust Services",3.51,361.49,"https://www.webnic.cc",0,8,1,30,55,0,0,0,0,0,0,0,0,0,0,0,0,0,0,0,0,0,0,0,0,0,0,0,0,0,0,0,0,0,0,0,0,0,0,0,0,0,0,0,0,0,0,0,0,0,0,0,0,0,0,0,0,0,0
"https://biobar.link/oda6u9",18,0,11,0,0,0,0,0,1,0,"biobar.link",1,1,"Let's Encrypt",1136.63,324.37,"http://www.namecheap.com",0,6,1,26,61,1,1,0,1,0,1,1,4,1,0.19047619047619047,1,0,0.5,3,0.6,5,8,0,0,0,0,0,0,0,0,0,0,0,0,0,0,0,0,0,0,0,2,0,2,0,0,0,1,0.5,0,0,0,0,0,0,0,0,0,0
"https://frd-11064.bubbleapps.io/#documentoscambio@itau-unibanco.com.br",23,1,23,0,0,2,1,0,0,0,"bubbleapps.io",1,1,"Sectigo Limited",3438.72,2040.28,"http://cloudflare.com",0,0,1,28,65,0,0,0,1,0,1,1,0,0,0,1,0,0.5,0,0,0,1,0,0,0,0,0,0,0,0,0,0,0,0,0,0,0,0,0,0,0,3,1,2,0,0,0,0,0,0,0,0,0,1,0,0,0,0,0
"https://solar-metal-snickerdoodle.glitch.me/",35,1,35,0,0,2,0,0,0,0,"glitch.me",1,1,"Amazon",6174.73,34.27,"http://www.markmonitor.com",0,3,0,28,63,0,0,0,2,0,2,1,0,0,0,0,0,0,1,1,1,1,1,1,1,0,0,0,0,0,0,0,0,0,0,0,0,0,0,0,0,0,0,0,0,0,0,0,0,0,0,0,0,0,0,0,0,0,0
"https://ritzy-teal-yogurt.glitch.me/00-000192001920izz0000010.html",58,1,27,0,0,3,0,0,1,0,"glitch.me",1,1,"Amazon",6174.73,34.27,"http://www.markmonitor.com",0,3,0,28,63,0,0,0,2,0,2,1,0,0,0,0,0,0,1,1,1,1,1,1,1,0,0,0,0,0,0,0,0,0,0,0,0,0,0,0,0,0,0,0,0,0,0,0,0,0,0,0,0,0,0,0,0,0,0
"https://allegrolokalnie.ppz-5-356743.top/",32,1,32,0,0,2,0,0,0,0,"ppz-5-356743.top",1,1,"Let's Encrypt",14.51,350.49,"whois.registrar.eu",0,9,0,32,53,0,0,0,1,1,0,0,0,0,0,2,0,1,0,0,0,2,1,1,1,0,0,0,0,0,0,0,0,0,0,0,1,0,1,0,1,8,6,2,0,1,2,1,0.5,0.5,0,0,0,0,1,0,0,0,0
"https://oximix.de/app/pcss/jiti.php?session",35,0,9,0,0,0,0,1,3,0,"oximix.de",1,1,"Let's Encrypt",-1,-1,"Unknown",0,11,1,28,54,0,0,0,0,0,0,0,0,0,0,0,0,0,0,0,0,0,0,0,0,0,0,0,0,0,0,0,0,0,0,0,0,0,0,0,0,0,0,0,0,0,0,0,0,0,0,0,0,0,0,0,0,0,0
"https://vuelosvianca.webcindario.com/pago/finandina/",43,1,28,0,0,0,0,0,2,0,"webcindario.com",1,1,"Let's Encrypt",8872.51,1719.49,"whois.tucows.com",0,5,3,26,60,0,0,0,1,0,1,1,0,0,0,3,0,1,0,0,0,3,1,1,1,0,0,0,0,0,1,1,1,1,1,1,0,0,0,0,1,4,1,3,0,0,0,3,1,0,0,0,0,1,0,0,0,0,0
"https://allegrolokalnie.y154.sbs/?id=O8KB8jokFHgnn2EOafADm76HNG4mGf",58,1,24,0,0,0,0,1,0,0,"y154.sbs",1,1,"CLOUDFLARE, INC.",4.51,360.49,"https://www.webnic.cc",0,1,0,93,0,0,0,0,2,0,2,1,0,0,0,0,0,0,0,0,1,0,0,0,0,1,0,0,0,0,0,0,0,0,0,0,0,0,0,0,0,3,3,0,0,0,0,0,0,0,0,0,0,0,0,0,1,0,0
"https://allegrolokalnie.najlepsze-srodowe-okazje-32138.icu/?id=kek4o77E9mbF6Mb160nm4dbn7mma9f",84,1,50,0,0,3,0,1,0,0,"najlepsze-srodowe-okazje-32138.icu",1,1,"CLOUDFLARE, INC.",3.51,361.49,"https://www.webnic.cc",0,4,2,32,56,0,0,0,2,0,2,1,0,0,0,1,0,1,0,0,1,1,0,0,0,1,0,0,0,0,0,0,0,0,0,0,0,0,0,0,0,5,4,1,0,0,0,0,0,0,0,0,0,0,0,0,1,0,0
"https://docs.google.com/presentation/d/e/2PACX-1vRNSLhqPOhpIECdc0gS1VBkZhjOI3zBkdhR3ijpSW7R9q3eizeznD9VZiq2M_GjQ6Ij21-uWiP99nlL/pub?start=false&amp;loop=false&amp;delayms=3000",167,1,15,0,0,2,0,3,5,0,"google.com",1,1,"Google Trust Services",10134.34,1187.66,"http://www.markmonitor.com",0,0,0,28,66,1,1,0,0,0,0,0,1,1,0.07142857142857142,0,0,0,3,0.6,5,4,0,0,0,0,0,0,0,0,0,0,0,0,0,0,0,0,0,0,0,19,18,1,0,1,1,0,0,0.1111111111111111,0,0,7,0,1,0,0,0,0
"https://ol-xpaczka.przekazpocztowy82737.cyou/lk/ipko/59989301/",53,1,36,0,0,1,0,0,3,0,"przekazpocztowy82737.cyou",1,1,"Google Trust Services",3.51,361.49,"https://www.webnic.cc",0,7,2,31,54,0,0,0,2,0,2,1,0,0,0,0,0,0,0,0,1,0,0,0,0,1,0,0,0,0,0,0,0,0,0,0,0,0,0,0,0,3,3,0,0,0,0,0,0,0,0,0,0,0,0,0,1,0,0
"https://share-eu1.hsforms.com/1h125wSNWT1almQgUnp7Z6Q2f0xq8",51,1,21,0,0,1,0,0,1,0,"hsforms.com",0,0,"Unknown",4286.86,461.14,"http://www.markmonitor.com",0,0,0,30,64,1,4,1,2,0,1,0.5,0,0,0,6,0,1,8,0.8,10,14,2,2,1,1,1,0,0,0,1,1,0,1,1,1,0,0,0,0,1,14,8,6,1,1,0,6,1,0.25,0,0,1,0,1,0,1,0,0
"https://docs.google.com/presentation/d/e/2PACX-1vRNSLhqPOhpIECdc0gS1VBkZhjOI3zBkdhR3ijpSW7R9q3eizeznD9VZiq2M_GjQ6Ij21-uWiP99nlL/pub",123,1,15,0,0,2,0,0,5,0,"google.com",1,1,"Google Trust Services",10134.34,1187.66,"http://www.markmonitor.com",0,0,0,28,66,1,1,0,0,0,0,0,1,1,0.07142857142857142,0,0,0,3,0.6,5,4,0,0,0,0,0,0,0,0,0,0,0,0,0,0,0,0,0,0,0,19,18,1,0,1,1,0,0,0.1111111111111111,0,0,7,0,1,0,0,0,0
"http://unymlifeportal.com",18,0,18,0,0,0,0,0,0,0,"unymlifeportal.com",1,1,"Let's Encrypt",4.51,360.49,"http://www.hello.co",0,18,1,26,49,1,0,1,1,0,1,1,0,0,0,0,0,0,3,0.75,4,3,0,0,0,0,0,0,0,0,0,0,0,0,0,0,0,0,0,0,0,1,1,0,0,0,0,0,0,0,0,0,1,0,0,0,0,0,0
"https://app.jotform.com/251594554689575",31,1,15,0,0,0,0,0,1,0,"jotform.com",1,1,"Google Trust Services",7156.54,1609.46,"http://tucowsdomains.com",0,0,0,29,65,1,1,0,0,0,0,0,0,1,0,8,0,0.8888888888888888,11,0.36666666666666664,30,19,0,0,0,0,0,0,0,0,0,0,0,0,0,0,0,0,0,0,0,13,4,9,0,0,0,8,0.8888888888888888,0,0,0,48,0,0,0,0,0,0
"https://lnc-107315.weeblysite.com",25,1,25,0,0,1,0,0,0,0,"weeblysite.com",1,1,"Google Trust Services",4560.34,187.66,"http://www.safenames.net",0,2,1,30,61,0,0,0,1,0,0,0,0,0,0,0,0,0,0,0,0,0,0,0,0,0,0,0,0,0,0,0,0,0,0,0,0,0,0,0,0,0,0,0,0,0,0,0,0,0,0,0,0,0,0,0,0,0,0
"https://form.jotform.com/251613788329062",32,1,16,0,0,0,0,0,1,0,"jotform.com",1,1,"Google Trust Services",7156.54,1609.46,"http://tucowsdomains.com",0,0,0,29,65,1,2,0,1,0,1,1,1,1,0.125,5,0,1,6,0.6666666666666666,9,12,2,0,0,1,0,0,0,0,0,0,0,0,0,0,0,0,0,0,0,13,8,5,0,0,0,5,1,0,0,0,2,0,0,0,1,0,0
"https://t.co/WBBC5PVF6k",15,0,4,0,1,0,0,0,1,0,"t.co",1,1,"Let's Encrypt",5528.18,315.49,"whois.corporatedomains.com",0,0,0,28,66,0,0,0,0,0,0,0,0,0,0,1,0,0.5,0,0,0,1,1,0,0,0,0,0,0,0,0,0,0,0,0,0,0,0,0,0,0,3,1,2,0,0,0,1,0.5,0,0,0,0,1,0,0,0,0,0
"https://checkout.shopify.com/gift_cards/92543549824/aaa56dd18a1b81c7b6a364a03eb9a4a9",76,1,20,0,0,0,0,0,3,0,"shopify.com",1,1,"Google Trust Services",7400.29,634.71,"http://www.markmonitor.com",0,0,0,28,66,0,0,0,1,0,0,0,0,0,0,0,0,0,0,0,0,0,0,0,0,0,0,0,0,0,0,0,0,0,0,0,0,0,0,0,0,0,0,0,0,0,0,0,0,0,0,0,0,0,0,0,0,0,0
"https://blinq.me/cmbr689p5021rs60lwosupcvv?bs=db",40,0,8,0,0,0,0,1,1,0,"blinq.me",1,1,"Let's Encrypt",2239.15,1048.85,"http://key-systems.net",0,2,0,30,62,1,0,1,0,0,0,0,0,0,0,1,0,0.14285714285714285,0,0,10,1,0,0,0,0,0,0,0,0,0,0,0,0,0,0,0,0,0,0,0,14,7,7,0,1,1,1,0.14285714285714285,0.2857142857142857,0,0,4,0,0,0,0,0,0
"http://harwaardkey.com",15,0,15,0,0,0,0,0,0,0,"harwaardkey.com",1,1,"Google Trust Services",7.99,357.01,"http://www.webnic.cc",0,18,1,26,49,0,0,0,2,0,2,1,0,0,0,0,0,0,0,0,1,0,0,0,0,1,0,0,0,0,0,0,0,0,0,0,0,0,0,0,0,3,3,0,0,0,0,0,0,0,0,0,0,0,0,0,1,0,0
"http://chk.me/hRYCQLZ",14,0,6,0,0,0,0,0,1,0,"chk.me",1,1,"Let's Encrypt",6175.54,33.46,"Infomaniak Network SA",0,7,2,26,59,1,1,0,34,0,33,0.9705882352941176,1,0,0.2,3,0,1,4,0.6666666666666666,6,8,1,0,0,1,0,1,0,0,0,0,0,0,0,0,0,0,0,0,0,5,2,3,1,0,0,3,1,0.5,0,0,2,0,0,0,1,0,0
"https://manualcorrect.site/sistema-stp/?gad_source=1&amp;gad_campaignid=22656913131&amp;gclid=Cj0KCQjw0qTCBhCmARIsAAj8C4YRCDRDwN8oY9UCJI3rDQ8vfel6WfFioF39RGGm8aOcmsiANWqanOYaAq-QEALw_wcB",177,0,18,0,0,2,0,3,1,0,"manualcorrect.site",1,1,"Google Trust Services",81.51,283.49,"https://www.spaceship.com/",0,7,0,29,58,0,0,0,5,0,2,0.4,0,0,0,2,0,0.3333333333333333,1,0.07142857142857142,14,3,0,0,0,1,0,0,0,0,0,0,0,0,0,0,0,0,0,0,0,11,5,6,0,0,1,2,0.3333333333333333,0.2,0,0,0,0,0,0,1,0,0
"https://stkeyp-sistema.shop/index.php/stp/?gad_source=1&amp;gad_campaignid=22660009887&amp;gclid=Cj0KCQjw0qTCBhCmARIsAAj8C4Yy0qZ5GWlMk3Z11KLtz4_VTh-BsMDd1hXwMhVICkyfmvmQuhM_N2YaAkviEALw_wcB",180,0,19,0,0,2,0,3,2,0,"stkeyp-sistema.shop",1,1,"Google Trust Services",53.51,311.49,"whois.namecheap.com",0,3,1,30,60,0,0,0,0,0,0,0,0,0,0,0,0,0,0,0,0,0,0,0,0,0,0,0,0,0,0,0,0,0,0,0,0,0,0,0,0,0,0,0,0,0,0,0,0,0,0,0,0,0,0,0,0,0,0
"https://allegrolokalnie.pl-pozostale-aukcje-92.sbs/aukcja/wozek-narzedziowy-z-wyposazeniem-hans-gtt520-okazja-413113",108,1,42,0,0,10,0,0,2,0,"pl-pozostale-aukcje-92.sbs",1,1,"Google Trust Services",3.51,361.49,"https://www.webnic.cc",0,12,1,29,52,0,0,0,2,0,2,1,0,0,0,0,0,0,0,0,1,0,0,0,0,1,0,0,0,0,0,0,0,0,0,0,0,0,0,0,0,3,3,0,0,0,0,0,0,0,0,0,0,0,0,0,1,0,0
"https://docs.google.com/presentation/d/e/2PACX-1vRjoibJ0ZgZPf3B7Q6pXBZIz3ubvIrv1bTka3lhAHOb5cxSHmPBj34_B47tNiFVz-f6PT_D_NZOZXEF/pub",123,1,15,0,0,2,0,0,5,0,"google.com",1,1,"Google Trust Services",10134.34,1187.66,"http://www.markmonitor.com",0,0,0,28,66,1,0,0,3,0,0,0,0,1,0,0,0,0,1,0.5,2,1,1,1,1,0,0,0,0,0,0,0,0,0,0,0,0,0,0,0,0,0,0,0,0,0,0,0,0,0,0,0,0,0,0,0,0,0,0
"https://allrezultsupdates.de/bAsZY/auth/login.php",41,0,20,0,0,0,0,0,3,0,"allrezultsupdates.de",1,1,"Google Trust Services",-1,-1,"Unknown",0,16,1,28,49,1,0,1,33,4,29,1,3,5,0.3333333333333333,1,0,1,1,0.3333333333333333,3,5,15,0,0,1,0,1,3,0,0,0,0,0,0,0,0,0,0,0,0,25,24,1,0,2,0,0,0,0.08333333333333333,0,0,370,0,0,0,1,0,0
"https://ipfs.io/ipfs/bafkreibeenbeddppotmyzacd6sca72z2aaq4daftsenzvsfi7kzlpjcqa4",72,0,7,0,0,0,0,0,2,0,"ipfs.io",1,1,"Google Trust Services",4046.74,336.26,"http://www.cscglobal.com",0,5,0,26,63,1,0,1,3,0,2,0.6666666666666666,0,0,0,0,0,0,0,0,1,0,0,0,0,0,0,0,0,0,0,0,0,0,0,0,0,0,0,0,0,0,0,0,0,0,0,0,0,0,0,0,0,0,0,0,0,0,0
"https://pay.pagarsegura.com/checkout/c5602bbd-6e07-4dd7-b34e-f332e3852ca9",65,1,19,0,0,4,0,0,2,0,"pagarsegura.com",1,1,"GoDaddy.com, Inc.",5.51,359.49,"http://www.godaddy.com",0,1,0,93,0,1,1,0,0,0,0,0,2,1,0.125,2,0,0.05,2,0.25,8,6,5,1,0.2,1,1,0,0,0,1,1,0,1,1,1,0,0,0,0,1,57,17,40,0,0,0,2,0.05,0,0,0,39,0,0,0,1,0,0
"https://t.ly/Zg0GF?submitted-id=YEMOXXFXG4JQWQ6UHYKH",44,0,4,0,0,1,0,1,1,0,"t.ly",1,1,"Google Trust Services",5583.59,1015.41,"Libyan Spider Network (int)",0,0,1,28,65,1,0,0,57,2,7,0.12727272727272726,0,0,0,14,0,0.875,1,0.14285714285714285,7,15,26,5,0.19230769230769232,1,1,0,0,0,5,5,2,2,5,0.4,0,0,0,0,5,25,9,16,0,1,1,10,0.625,0.2222222222222222,0,0,9,0,0,0,1,0,0
"https://verifyidmetaxportal.com/verify/",30,0,23,0,0,0,0,0,1,0,"verifyidmetaxportal.com",1,1,"Google Trust Services",5.51,359.49,"http://www.ownregistrar.com",0,5,1,30,58,1,1,0,11,11,0,0,0,0,0,3,0,1,1,0.5,2,4,3,0,0,1,1,0,1,1,0,0,0,0,0,0,0,0,0,0,0,4,1,3,0,1,2,2,0.6666666666666666,3,0,0,26,0,1,0,1,0,0
"https://1m2kd.trk.elasticemail.com/tracking/click?d=mwFHECaQB-9PnMjkwkyfuBKZkQ0OPZx7viQ-Ef0EzUyz8LhIUUgtwR_e5mvh97gSrAK5T0bbdWmKNEO0n4yylJ5gUXcLtLvTmVeVFNnDT_ldm7j9F7543ZHOaSnLUz8QQfW7PwtPwQjB6dHSJ_ZShUfFmNHATqjf00ue9gXKJyllXzxKBbkSJUEWDdQd21pY2w2#redacted@abuse.ionos.com",239,2,26,0,0,2,1,1,2,0,"elasticemail.com",1,1,"Let's Encrypt",5540.28,1034.72,"http://www.godaddy.com",0,0,0,29,65,0,0,0,0,0,0,0,0,0,0,0,0,0,1,1,1,1,0,0,0,0,0,0,0,0,0,0,0,0,0,0,0,0,0,0,0,0,0,0,0,0,0,0,0,0,0,0,0,0,0,0,0,0,0
"https://infermiervenaisenaide.net/",25,0,25,0,0,0,0,0,0,0,"infermiervenaisenaide.net",1,1,"Let's Encrypt",3.43,361.57,"http://www.publicdomainregistry.com",0,20,1,26,47,0,0,0,0,0,0,0,0,0,0,0,0,0,0,0,0,0,0,0,0,0,0,0,0,0,0,0,0,0,0,0,0,0,0,0,0,0,0,0,0,0,0,0,0,0,0,0,0,0,0,0,0,0,0
"https://infermiervenaisenaide.net/index.php",35,0,25,0,0,0,0,0,1,0,"infermiervenaisenaide.net",1,1,"Let's Encrypt",3.43,361.57,"http://www.publicdomainregistry.com",0,20,1,26,47,0,0,0,0,0,0,0,0,0,0,0,0,0,0,0,0,0,0,0,0,0,0,0,0,0,0,0,0,0,0,0,0,0,0,0,0,0,0,0,0,0,0,0,0,0,0,0,0,0,0,0,0,0,0
"https://relearninglove.net/#GyS9OpRd=pnz5utn",18,0,18,0,0,0,0,0,0,0,"relearninglove.net",1,1,"Let's Encrypt",543.21,187.79,"http://squarespace.domains",0,14,1,28,51,1,0,0,55,0,10,0.18181818181818182,1,2,0.05555555555555555,8,0,0.7272727272727273,14,0.6666666666666666,21,23,0,0,0,0,0,0,0,0,0,0,0,0,0,0,0,0,0,0,0,18,7,11,0,1,3,8,0.7272727272727273,0.5714285714285714,0,0,38,0,1,0,0,0,0
"https://docs.google.com/presentation/d/e/2PACX-1vSI8ynHK9PdeW_OpG2eNv5KxTORSEN78kwA5iqw4f4Y9pCK8LEDXudFYGTnd-_XmYlftKxldIU2H99q/pub",123,1,15,0,0,2,0,0,5,0,"google.com",1,1,"Google Trust Services",10134.34,1187.66,"http://www.markmonitor.com",0,0,0,28,66,1,1,0,0,0,0,0,1,1,0.07142857142857142,0,0,0,7,0.7777777777777778,9,8,0,0,0,0,0,0,0,0,0,0,0,0,0,0,0,0,0,0,0,19,18,1,0,1,1,0,0,0.1111111111111111,0,0,22,0,1,0,0,0,0
"https://godarkpraktikoltd.com/docu-ment/",31,0,21,0,0,1,0,0,1,0,"godarkpraktikoltd.com",1,1,"Let's Encrypt",136.51,228.49,"http://www.ownregistrar.com",0,3,2,28,61,0,0,0,1,0,1,1,0,0,0,0,0,0,0,0,1,0,0,0,0,0,0,0,0,0,0,0,0,0,0,0,0,0,0,0,0,3,3,0,0,0,0,0,0,0,0,0,1,0,0,0,0,0,0
"http://interface-dfs.pages.dev",23,1,23,0,0,1,0,0,0,0,"pages.dev",1,1,"Google Trust Services",1746.4,444.6,"None",0,0,0,29,65,0,0,0,2,0,2,1,0,0,0,1,0,1,0,0,1,1,0,0,0,1,0,0,0,0,0,0,0,0,0,0,0,0,0,0,0,5,4,1,0,0,0,0,0,0,0,0,0,0,0,0,1,0,0
"https://interface-dfs.pages.dev/",23,1,23,0,0,1,0,0,0,0,"pages.dev",1,1,"Google Trust Services",1746.4,444.6,"None",0,0,0,29,65,0,0,0,2,0,2,1,0,0,0,1,0,1,0,0,1,1,0,0,0,1,0,0,0,0,0,0,0,0,0,0,0,0,0,0,0,5,4,1,0,0,0,0,0,0,0,0,0,0,0,0,1,0,0
"https://i79o.glitch.me/Vg4Fmz.html?e=tips@fbi.gov",41,1,14,0,0,0,1,1,1,1,"glitch.me",1,1,"Amazon",6174.73,34.27,"http://www.markmonitor.com",0,3,0,28,63,1,0,0,4,4,0,0,0,0,0,2,0,1,1,0.3333333333333333,3,3,5,5,1,1,1,0,1,0,0,0,0,0,0,0,0,0,0,0,0,4,2,2,1,0,0,2,1,0.5,0,0,0,0,0,0,1,0,0
"https://espace-lockers.com/",18,0,18,0,0,1,0,0,0,0,"espace-lockers.com",1,1,"Let's Encrypt",3.51,361.49,"https://www.registrar.eu",0,18,0,27,49,1,0,0,321,8,30,0.09584664536741214,3,0,0.04918032786885246,1,0,0.1,3,0.1111111111111111,27,7,41,41,1,0,0,0,0,0,1,1,1,1,1,1,0,0,0,0,1,27,17,10,1,0,1,1,0.1,0.11764705882352941,0,0,29,0,0,0,0,0,0
"https://espace-lockers.com/as.php",25,0,18,0,0,1,0,0,1,0,"espace-lockers.com",1,1,"Let's Encrypt",3.51,361.49,"https://www.registrar.eu",0,18,0,27,49,1,0,0,321,8,30,0.09584664536741214,3,0,0.04918032786885246,1,0,0.1,3,0.1111111111111111,27,7,41,41,1,0,0,0,0,0,1,1,1,1,1,1,0,0,0,0,1,27,17,10,1,0,1,1,0.1,0.11764705882352941,0,0,29,0,0,0,0,0,0
"https://aragrop.com/usul/online/",23,0,11,0,0,0,0,0,2,0,"aragrop.com",1,1,"Let's Encrypt",10.51,354.49,"http://www.onamae.com",0,10,1,28,55,0,0,0,0,0,0,0,0,0,0,0,0,0,0,0,0,0,0,0,0,0,0,0,0,0,0,0,0,0,0,0,0,0,0,0,0,0,0,0,0,0,0,0,0,0,0,0,0,0,0,0,0,0,0
"http://allegrolokalnie.pl-oferta93513004495.icu",40,1,40,0,0,1,0,0,0,0,"pl-oferta93513004495.icu",1,1,"Google Trust Services",3.51,361.49,"https://www.webnic.cc",0,0,0,94,0,0,0,0,5,0,5,1,0,0,0,0,0,0,0,0,1,0,0,0,0,0,0,0,0,0,0,0,0,0,0,0,0,0,0,0,0,1,1,0,0,0,0,0,0,0,0,0,0,0,0,0,0,0,0
"https://newsmycontract.com/main",23,0,18,0,0,0,0,0,1,0,"newsmycontract.com",1,1,"Let's Encrypt",5.51,359.49,"https://www.registrar.eu",0,12,3,28,51,1,0,0,366,8,59,0.164804469273743,3,1,0.17647058823529413,0,1,0,4,0.13793103448275862,29,7,24,18,0.75,2,0,0,0,0,0,0,0,0,0,0,0,0,0,0,0,7,4,3,0,0,1,0,0,0.25,0,0,12,0,0,0,2,0,0
"https://u53413137.ct.sendgrid.net/ls/click?upn=u001.L2iQxGrkRreatFrdfDfFEFcUeB351ZuxNa4J7z4oG-2BHdTJD6NRj1-2Fatmg5IgV-2Fv8XY60FsN5K114e-2BD7XFhaDEmV-2BwYZKOJ0WscaKenMT61bn9UYd4plusiw4RY2ClJ-2BTUff_0SJ4xWp5qdyPRBOfXg8T-2BYrgTdYNCSCpqKvQBrEP2dD72bIEst9aKfJzCVsHEIVobnWrcOUbkgow-2BfJQYTcjYNWllfH-2BaM7v3cIXtBymVmuusH-2BRVvxhXor5ISWP1-2BSWN-2Bg8pyNLa6fGxn-2BpECWGPWcIBMArbjjI1g8NyJbAM0CcJbuV2RO30wJwoGOnpLDIj70yecPfqo1VZnGo4tcSoDxamEqjX4qTM9sYW7X9Vyh8oruxeExlZAi3VYG7jB0R",459,2,25,0,0,13,0,1,2,0,"sendgrid.net",1,1,"GoDaddy.com, Inc.",5899.13,674.87,"http://www.markmonitor.com",0,0,0,27,67,0,0,0,1,0,1,1,0,0,0,0,0,0,0,0,0,0,0,0,0,0,0,0,0,0,0,0,0,0,0,0,0,0,0,0,0,0,0,0,0,0,0,0,0,0,0,0,0,0,0,0,0,0,0
"https://inf-t-e-l-e-k-o-m-ugf.adm.ibsystem.com.br/Telekum-huxhn/",55,2,41,0,0,9,0,0,1,0,"ibsystem.com.br",1,1,"Let's Encrypt",2383.51,273.49,"Unknown",0,0,2,29,63,0,0,0,0,0,0,0,0,0,0,0,0,0,0,0,0,0,0,0,0,0,0,0,0,0,0,0,0,0,0,0,0,0,0,0,0,0,0,0,0,0,0,0,0,0,0,0,0,0,0,0,0,0,0
"https://inf-t-e-l-e-k-o-m-ugf.adm.ibsystem.com.br/Telekum-huxhn/checkout/",64,2,41,0,0,9,0,0,2,0,"ibsystem.com.br",1,1,"Let's Encrypt",2383.51,273.49,"Unknown",0,0,2,29,63,0,0,0,0,0,0,0,0,0,0,0,0,0,0,0,0,0,0,0,0,0,0,0,0,0,0,0,0,0,0,0,0,0,0,0,0,0,0,0,0,0,0,0,0,0,0,0,0,0,0,0,0,0,0
"https://inf-t-e-l-e-k-o-m-ugf.adm.ibsystem.com.br/Telekum-huxhn/facture/",63,2,41,0,0,9,0,0,2,0,"ibsystem.com.br",1,1,"Let's Encrypt",2383.51,273.49,"Unknown",0,0,2,29,63,0,0,0,0,0,0,0,0,0,0,0,0,0,0,0,0,0,0,0,0,0,0,0,0,0,0,0,0,0,0,0,0,0,0,0,0,0,0,0,0,0,0,0,0,0,0,0,0,0,0,0,0,0,0
"https://tinlifeinsurance.com/wp-includes/SimplePie/src/Content/Type/mb/index.htm",72,0,20,0,0,1,0,0,7,0,"tinlifeinsurance.com",1,1,"Let's Encrypt",812.77,648.23,"http://www.godaddy.com",0,9,0,28,57,1,0,0,19,17,0,0,0,0,0,0,0,0,0,0,2,0,7,0,0,0,0,0,0,0,0,0,0,0,0,0,0,0,0,0,0,1,0,1,0,0,0,0,0,0,0,0,2,0,0,0,0,0,0
"https://tinlifeinsurance.com/wp-includes/SimplePie/src/Content/Type/mb/mist.com",71,0,20,0,0,1,0,0,7,0,"tinlifeinsurance.com",1,1,"Let's Encrypt",812.77,648.23,"http://www.godaddy.com",0,9,0,28,57,0,0,0,1,0,0,0,0,0,0,0,0,0,0,0,0,0,0,0,0,0,0,0,0,0,0,0,0,0,0,0,0,0,0,0,0,1,1,0,0,0,0,0,0,0,0,0,0,0,0,0,0,0,0
"https://emilaebuaks.blob.core.windows.net/ebukael/valideials.html",57,3,33,0,0,0,0,0,2,0,"windows.net",1,1,"Microsoft Corporation",10901.35,355.16,"http://www.markmonitor.com",0,0,0,30,64,1,1,1,0,0,0,0,0,0,0,6,0,1,3,1,3,9,5,1,0.2,1,1,0,1,1,0,0,0,0,0,0,0,0,0,0,0,12,6,6,2,1,2,2,0.3333333333333333,0.8333333333333334,0,0,57,0,0,0,1,0,0
"https://kutt.it/FgHZHt",14,0,7,0,0,0,0,0,1,0,"kutt.it",1,1,"Google Trust Services",2738.08,183.49,"101domain GRS Limited",0,0,1,30,63,1,0,1,11,0,3,0.2727272727272727,0,1,0,1,0,0.25,0,0,7,1,1,0,0,0,0,0,0,0,0,0,0,0,0,0,0,0,0,0,0,4,0,4,0,0,0,1,0.25,0,0,0,1,0,0,0,0,0,0
"https://cz-swart.vercel.app",19,1,19,0,0,1,0,0,0,0,"vercel.app",1,1,"Let's Encrypt",1964.39,227.61,"http://www.tucows.com",0,1,0,28,65,0,0,0,0,0,0,0,0,0,0,0,0,0,0,0,0,0,0,0,0,0,0,0,0,0,0,0,0,0,0,0,0,0,0,0,0,1,1,0,0,1,1,0,0,2,0,0,23,0,1,0,0,0,0
"https://www.cambeywest.com/openclick/?M=NAT202204080812&amp;t=c&amp;p=NAT&amp;a=00432291&amp;s=EN2214DIG&amp;c=link3-button&amp;e=rodolforey@cedie.org.ar&amp;l=https://cz-swart.vercel.app",174,0,14,0,0,2,1,8,1,1,"cambeywest.com",1,1,"GoDaddy.com, Inc.",10279.35,1044.65,"http://networksolutions.com",0,0,0,30,64,0,0,0,0,0,0,0,0,0,0,0,0,0,1,1,1,1,0,0,0,0,0,0,0,0,0,0,0,0,0,0,0,0,0,0,0,0,0,0,0,0,0,0,0,0,0,0,0,0,0,0,0,0,0
"https://allegrolokalnie.pl-oferta73829.cfd/allegrolokalnie/oferta/1878757301",68,1,34,0,0,1,0,0,3,0,"pl-oferta73829.cfd",0,0,"Unknown",6.51,358.49,"https://www.webnic.cc",0,0,1,93,0,0,0,0,2,0,2,1,0,0,0,1,0,1,0,0,1,1,0,0,0,1,0,0,0,0,0,0,0,0,0,0,0,0,0,0,0,5,4,1,0,0,0,0,0,0,0,0,0,0,0,0,1,0,0
"https://ulys-versement.com/",18,0,18,0,0,1,0,0,0,0,"ulys-versement.com",1,1,"Let's Encrypt",8.51,356.49,"https://www.registrar.eu",0,12,1,29,52,1,0,0,317,8,29,0.09385113268608414,3,0,0.04918032786885246,1,0,0.1,3,0.1111111111111111,27,7,41,41,1,0,0,0,0,0,1,1,1,1,1,1,0,0,0,0,1,27,17,10,1,0,1,1,0.1,0.11764705882352941,0,0,27,0,0,0,0,0,0
"https://ulys-versement.com/as.php",25,0,18,0,0,1,0,0,1,0,"ulys-versement.com",1,1,"Let's Encrypt",8.51,356.49,"https://www.registrar.eu",0,12,1,29,52,1,0,0,317,8,29,0.09385113268608414,3,0,0.04918032786885246,1,0,0.1,3,0.1111111111111111,27,7,41,41,1,0,0,0,0,0,1,1,1,1,1,1,0,0,0,0,1,27,17,10,1,0,1,1,0.1,0.11764705882352941,0,0,27,0,0,0,0,0,0
"https://ipfs.io/ipfs/bafkreidlzftrmprb4ghw574jpvmcxvlgoozaluseuhbi4vpl645i2yo2je#a@b.com",72,0,7,0,0,0,1,0,2,0,"ipfs.io",1,1,"Google Trust Services",4046.74,336.26,"http://www.cscglobal.com",0,5,0,26,63,1,0,1,3,0,2,0.6666666666666666,0,0,0,0,0,0,0,0,1,0,0,0,0,0,0,0,0,0,0,0,0,0,0,0,0,0,0,0,0,0,0,0,0,0,0,0,0,0,0,0,0,0,0,0,0,0,0
"http://alrawafedit.com",15,0,15,0,0,0,0,0,0,0,"alrawafedit.com",1,1,"Let's Encrypt",3080.1,206.9,"http://www.godaddy.com",0,15,0,28,51,0,0,0,0,0,0,0,0,0,0,0,0,0,0,0,0,0,0,0,0,0,0,0,0,0,0,0,0,0,0,0,0,0,0,0,0,0,0,0,0,0,0,0,0,0,0,0,0,0,0,0,0,0,0
"http://zxczasd12.pages.dev",19,1,19,0,0,0,0,0,0,0,"pages.dev",1,1,"Google Trust Services",1746.41,444.59,"None",0,0,0,29,65,0,0,0,2,0,2,1,0,0,0,1,0,1,0,0,1,1,0,0,0,1,0,0,0,0,0,0,0,0,0,0,0,0,0,0,0,5,4,1,0,0,0,0,0,0,0,0,0,0,0,0,1,0,0
"http://allegrolokalnie.pl-kupteraz7264848.cfd",38,1,38,0,0,1,0,0,0,0,"pl-kupteraz7264848.cfd",0,0,"Unknown",4.52,360.48,"https://www.webnic.cc",0,3,2,32,57,0,0,0,3,0,3,1,0,0,0,1,0,1,0,0,1,1,3,3,1,0,0,0,0,0,0,0,0,0,0,0,0,0,0,0,0,4,3,1,0,0,1,0,0,0.3333333333333333,0,0,0,0,0,0,0,0,0
"https://fr-peages-ulys.com/",18,0,18,0,0,2,0,0,0,0,"fr-peages-ulys.com",1,1,"Let's Encrypt",5.52,359.48,"https://www.registrar.eu",0,12,2,28,52,1,0,0,317,8,29,0.09385113268608414,3,0,0.04918032786885246,1,0,0.1,3,0.1111111111111111,27,7,41,41,1,0,0,0,0,0,1,1,1,1,1,1,0,0,0,0,1,27,17,10,1,0,1,1,0.1,0.11764705882352941,0,0,27,0,0,0,0,0,0
"https://fr-peages-ulys.com/as.php",25,0,18,0,0,2,0,0,1,0,"fr-peages-ulys.com",1,1,"Let's Encrypt",5.52,359.48,"https://www.registrar.eu",0,12,2,28,52,1,0,0,317,8,29,0.09385113268608414,3,0,0.04918032786885246,1,0,0.1,3,0.1111111111111111,27,7,41,41,1,0,0,0,0,0,1,1,1,1,1,1,0,0,0,0,1,27,17,10,1,0,1,1,0.1,0.11764705882352941,0,0,27,0,0,0,0,0,0
"https://new.express.adobe.com/webpage/GgfYiEI3RUNbZ",43,2,21,0,0,0,0,0,2,0,"adobe.com",1,1,"DigiCert Inc",14089.31,336.56,"http://www.comlaude.com",0,0,0,29,65,1,0,0,0,0,0,0,0,0,0,3,0,0.15,0,0,3,3,0,0,0,0,0,0,0,0,0,0,0,0,0,0,0,0,0,0,0,26,6,20,0,0,0,3,0.15,0,0,0,11,0,0,0,0,0,0
"http://allegrolokalnie.pl-yju98nb.cfd",30,1,30,0,0,1,0,0,0,0,"pl-yju98nb.cfd",1,1,"Google Trust Services",132.52,232.48,"https://www.webnic.cc",0,15,0,29,50,0,0,0,2,0,2,1,0,0,0,1,0,1,0,0,1,1,0,0,0,1,0,0,0,0,0,0,0,0,0,0,0,0,0,0,0,5,4,1,0,0,0,0,0,0,0,0,0,0,0,0,1,0,0
"http://allegrolokalnie.pl-89610513.icu",31,1,31,0,0,1,0,0,0,0,"pl-89610513.icu",0,0,"Unknown",7.52,357.48,"https://www.webnic.cc",0,0,0,94,0,0,0,0,3,0,3,1,0,0,0,1,0,1,0,0,1,1,3,3,1,0,0,0,0,0,0,0,0,0,0,0,0,0,0,0,0,4,3,1,0,0,1,0,0,0.3333333333333333,0,0,0,0,0,0,0,0,0
"https://8331202-coinbase.com",20,0,20,0,0,1,0,0,0,0,"8331202-coinbase.com",1,1,"Let's Encrypt",194.52,170.48,"whois.registrar.eu",0,16,0,28,50,0,0,0,1,1,0,0,0,0,0,3,0,1,0,0,0,3,1,1,1,0,0,0,0,0,0,0,0,0,0,0,1,0,1,0,1,9,6,3,0,1,2,2,0.6666666666666666,0.5,0,0,0,0,1,0,0,0,0
"https://abuse.stratoservices.de/handle_abuse",36,1,23,0,0,0,0,0,1,0,"stratoservices.de",1,1,"Google Trust Services",-1,-1,"Unknown",0,9,1,30,54,0,0,0,2,0,2,1,0,0,0,1,0,1,0,0,1,1,0,0,0,1,0,0,0,0,0,0,0,0,0,0,0,0,0,0,0,5,4,1,0,0,0,0,0,0,0,0,0,0,0,0,1,0,0
"https://lockers-livraison-colis.com/",27,0,27,0,0,2,0,0,0,0,"lockers-livraison-colis.com",1,1,"Google Trust Services",7.52,357.48,"http://www.onamae.com",0,15,0,28,51,0,0,0,1,0,1,1,0,0,0,0,0,0,0,0,1,0,0,0,0,0,0,0,0,0,0,0,0,0,0,0,0,0,0,0,0,3,3,0,0,0,0,0,0,0,0,0,1,0,0,0,0,0,0
"https://lockers-livraison-colis.com/as.php",34,0,27,0,0,2,0,0,1,0,"lockers-livraison-colis.com",1,1,"Google Trust Services",7.52,357.48,"http://www.onamae.com",0,15,0,28,51,0,0,0,2,0,2,1,0,0,0,0,0,0,0,0,1,0,0,0,0,1,0,0,0,0,0,0,0,0,0,0,0,0,0,0,0,3,3,0,0,0,0,0,0,0,0,0,0,0,0,0,1,0,0
"https://docs.google.com/presentation/d/e/2PACX-1vSrJxTXNy4PXcAk0nomS5mczIV0aYNNaQuz0jMyJ2nAwIA-HClQbDEIvHsa_utwNJQalkOWUDGsDpQG/pub",123,1,15,0,0,2,0,0,5,0,"google.com",1,1,"Google Trust Services",10134.35,1187.65,"http://www.markmonitor.com",0,0,0,28,66,1,1,0,0,0,0,0,1,3,0.07142857142857142,0,0,0,3,0.6,5,4,0,0,0,0,0,0,0,0,0,0,0,0,0,0,0,0,0,0,0,19,18,1,0,1,1,0,0,0.1111111111111111,0,0,8,0,1,0,0,0,0
"http://allegrolokalnie.oferta-promowana-strona1.icu",44,1,44,0,0,2,0,0,0,0,"oferta-promowana-strona1.icu",1,1,"Google Trust Services",4.52,360.48,"https://www.webnic.cc",0,1,3,31,59,1,1,0,18,0,3,0.16666666666666666,0,0,0,1,0,0.16666666666666666,2,0.4,5,3,2,0,0,1,0,0,0,0,0,0,0,0,0,0,0,0,0,0,0,15,9,6,2,2,2,0,0,0.6666666666666666,0,0,37,0,0,0,1,0,0
"https://kojiiiygt7n6t7878j-ugyycr65evb6t-h8ubd3qacbhjnj.us-southeast-1.linodeobjects.com/ctvygubvbbyu-hytdcrrccryu6-j99yb6r4s3svedv6n6gu7c%2Findex.html#ZGF2aWQucG9rb3JueUBsZjEuY3VuaS5jeg==",143,2,80,0,0,6,0,0,1,1,"linodeobjects.com",0,0,"Unknown",2529.7,1488.3,"http://www.markmonitor.com",0,0,0,31,63,0,0,0,0,0,0,0,0,0,0,0,0,0,0,0,0,0,0,0,0,0,0,0,0,0,0,0,0,0,0,0,0,0,0,0,0,0,0,0,0,0,0,0,0,0,0,0,1,0,0,0,0,0,0
"https://docs.google.com/presentation/d/e/2PACX-1vTJFyZX1MCcbHb9F7sE-Y6icNXAu5eCvoTujsqF87O8TRfdkoHfDRizGWlTwRDcdeCh6GatbcG00REe/pub?start=false&amp;loop=false&amp;delayms=3000",167,1,15,0,0,2,0,3,5,0,"google.com",1,1,"Google Trust Services",10134.35,1187.65,"http://www.markmonitor.com",0,0,0,28,66,1,1,0,0,0,0,0,1,1,0.07142857142857142,0,0,0,3,0.6,5,4,0,0,0,0,0,0,0,0,0,0,0,0,0,0,0,0,0,0,0,19,18,1,0,1,1,0,0,0.1111111111111111,0,0,6,0,1,0,0,0,0
"https://docs.google.com/presentation/d/e/2PACX-1vQ5MoSdjQ7fZ3JBI_IxfDj9spKmEpycnQXseejkw96M1CdIcMV5Q7fLUxasMR7JTRXcwViOOwO531Lr/pub",123,1,15,0,0,1,0,0,5,0,"google.com",1,1,"Google Trust Services",10134.35,1187.65,"http://www.markmonitor.com",0,0,0,28,66,1,1,0,0,0,0,0,1,1,0.07142857142857142,0,0,0,7,0.7777777777777778,9,8,0,0,0,0,0,0,0,0,0,0,0,0,0,0,0,0,0,0,0,19,18,1,0,1,1,0,0,0.1111111111111111,0,0,22,0,1,0,0,0,0
"https://beacons.ai/centutyywwe98",24,0,10,0,0,0,0,0,1,0,"beacons.ai",1,1,"Google Trust Services",2737.54,709.46,"http://www.marcaria.com",0,0,0,29,65,1,0,0,0,0,0,0,0,3,0,1,1,0.07142857142857142,0,0,23,1,0,0,0,0,0,0,0,0,0,0,0,0,0,0,0,0,0,0,0,25,11,14,0,1,0,1,0.07142857142857142,0.09090909090909091,0,0,24,0,0,0,0,0,0
"https://docs.google.com/presentation/d/e/2PACX-1vTp7GQ3mogrjdZjjev1UmtzB0P7FLKsk7ngNGgWCumY0JpJT4z2tOIQv4DKLa_8zW5hPbrlM_aEsFcP/pub",123,1,15,0,0,1,0,0,5,0,"google.com",1,1,"Google Trust Services",10134.35,1187.65,"http://www.markmonitor.com",0,0,0,28,66,1,1,0,0,0,0,0,1,1,0.07142857142857142,0,0,0,7,0.7777777777777778,9,8,0,0,0,0,0,0,0,0,0,0,0,0,0,0,0,0,0,0,0,19,18,1,0,1,1,0,0,0.1111111111111111,0,0,22,0,1,0,0,0,0
"https://docs.google.com/presentation/d/e/2PACX-1vTJFyZX1MCcbHb9F7sE-Y6icNXAu5eCvoTujsqF87O8TRfdkoHfDRizGWlTwRDcdeCh6GatbcG00REe/pub",123,1,15,0,0,2,0,0,5,0,"google.com",1,1,"Google Trust Services",10134.35,1187.65,"http://www.markmonitor.com",0,0,0,28,66,1,1,0,0,0,0,0,1,1,0.07142857142857142,0,0,0,3,0.6,5,4,0,0,0,0,0,0,0,0,0,0,0,0,0,0,0,0,0,0,0,19,18,1,0,1,1,0,0,0.1111111111111111,0,0,6,0,1,0,0,0,0
"http://allegrolokalnie.kategoria-propozycje-wszystko-13.sbs",52,1,52,0,0,3,0,0,0,0,"kategoria-propozycje-wszystko-13.sbs",1,1,"Google Trust Services",4.52,360.48,"https://www.webnic.cc",0,3,2,31,58,1,1,0,18,0,3,0.16666666666666666,0,0,0,1,0,0.16666666666666666,2,0.4,5,3,2,0,0,1,0,0,0,0,0,0,0,0,0,0,0,0,0,0,0,15,9,6,2,2,2,0,0,0.6666666666666666,0,0,37,0,0,0,1,0,0
"https://multas-dgt-es.com/multa.php",27,0,17,0,0,2,0,0,1,0,"multas-dgt-es.com",1,1,"Let's Encrypt",6.52,358.48,"https://www.registrar.eu",0,8,2,28,56,0,0,0,0,0,0,0,0,0,0,0,0,0,0,0,0,0,0,0,0,0,0,0,0,0,0,0,0,0,0,0,0,0,0,0,0,0,0,0,0,0,0,0,0,0,0,0,1,0,0,0,0,0,0
"https://allegrolokalnie.y107.sbs/?id=2JMo4459MiKNoeKanoO3DK8EdHGb53",58,1,24,0,0,0,0,1,0,0,"y107.sbs",1,1,"Google Trust Services",4.52,360.48,"https://www.webnic.cc",0,3,2,30,59,0,0,0,2,0,2,1,0,0,0,1,0,1,0,0,1,1,0,0,0,1,0,0,0,0,0,0,0,0,0,0,0,0,0,0,0,5,4,1,0,0,0,0,0,0,0,0,0,0,0,0,1,0,0
"https://go.ly/syojcbtkdqmeazfetoijzcwwyxaxbofjdfbznnkaoehmolmcqrtfobhiarrjkvewnjwjvelusxbczegk",86,0,5,0,0,0,0,0,1,0,"go.ly",1,1,"Google Trust Services",6040.6,1264.4,"Libyan Spider Network (int)",0,7,2,26,59,1,0,0,5,0,0,0,0,0,0,0,0,0,0,0,9,0,2,0,0,1,1,0,0,0,0,0,0,0,0,0,0,0,0,0,0,0,0,0,0,0,0,0,0,0,0,0,4,0,0,0,1,0,0
"https://taxpayer-refund-services.saveearthday.com/txid-757517612",56,1,41,0,0,3,0,0,1,0,"saveearthday.com",1,1,"DigiCert Inc",5900.3,308.7,"http://www.name.com",0,9,0,31,54,1,1,0,3,1,2,1,0,1,0,2,0,1,1,1,1,3,2,2,1,0,0,0,0,0,0,0,0,0,0,0,0,0,0,0,0,5,3,2,1,0,2,1,0.5,1,0,0,0,0,0,0,0,0,0
"https://eleve.net.br/iodine/persnickety/#?id=",31,0,12,0,0,0,0,0,2,0,"eleve.net.br",1,1,"Let's Encrypt",227.52,137.48,"Unknown",0,6,0,28,60,0,0,0,1,1,0,0,0,0,0,0,0,0,0,0,0,0,0,0,0,0,0,0,0,0,0,0,0,0,0,0,0,0,0,0,0,2,1,1,0,0,0,0,0,0,0,0,0,0,0,0,0,0,0
"https://dnsndvr.135-237-45-132.nip.io/home?c_ds_na=text%2Fhtml%2Capplication%2Fxhtml%2Bxml%2Capplication%2Fxml%3Bq%3D0.9%2Cimage%2Favif%2Cimage%2Fwebp%2Cimage%2Fapng%2C%2A%2F%2A%3Bq%3D0.8%2Capplication%2Fsigned-exchange%3Bv%3Db3%3Bq%3D0.7&c_ds_no=Jf6XX0FRZ8WOSAX6AMnjLjOpZNTb2RU0znJRjBM8wm",281,2,29,0,0,4,0,2,1,1,"nip.io",1,1,"Let's Encrypt",4753.82,359.18,"https://www.gandi.net",0,0,0,30,64,1,0,0,5,0,0,0,0,0,0,0,0,0,0,0,9,0,2,0,0,1,1,0,0,0,0,0,0,0,0,0,0,0,0,0,0,0,0,0,0,0,0,0,0,0,0,0,4,0,0,0,1,0,0
"https://gamerzchoices.com/MKVDN?idtrack=EWg1Vri0",40,0,17,0,0,0,0,1,1,0,"gamerzchoices.com",1,1,"Let's Encrypt",2015.24,176.76,"http://www.namecheap.com",0,8,0,28,58,1,0,0,2,0,0,0,0,2,0,0,0,0,0,0,5,0,1,0,0,0,0,0,0,0,0,0,0,0,0,0,0,0,0,0,0,0,0,0,0,0,0,0,0,0,0,0,0,0,0,0,0,0,0
"https://facultymembers.sbu.ac.ir/msadeghi/kucid/index.html#email@email.gov",50,1,24,0,0,0,1,0,3,0,"sbu.ac.ir",1,1,"Unizeto Technologies S.A.",-1,-1,"Unknown",0,0,0,29,65,1,0,1,50,4,1,0.021739130434782608,0,1,0,6,0,1,3,0.75,4,9,2,2,1,2,1,0,1,1,0,0,0,0,0,0,0,0,0,0,0,7,1,6,0,0,2,1,0.16666666666666666,2,0,0,38,0,0,0,2,0,0
"https://mientaynet.com/advclick.php?o=textlink&u=15&l=https%3A%2F%2Fqrs.ly%2Fo1grogg?def4pme@aol.com&sunsubcribe=default?useri=id=654842",128,0,14,0,0,0,1,4,1,1,"mientaynet.com",1,1,"Sectigo Limited",6366.14,208.86,"https://nhanhoa.com/",0,3,0,28,63,1,1,0,55,0,3,0.05454545454545454,0,0,0,1,0,1,2,1,2,3,0,0,0,0,0,0,0,0,0,0,0,0,0,0,0,0,0,0,0,1,0,1,0,0,0,1,1,0,0,0,1,0,0,0,0,0,0
"https://kytelink.com/mscnet",19,0,12,0,0,0,0,0,1,0,"kytelink.com",1,1,"Let's Encrypt",1161.32,299.68,"http://www.namecheap.com",0,12,1,28,53,0,0,0,1,0,1,1,0,0,0,1,1,0.07142857142857142,0,0,3,1,0,0,0,0,0,0,0,0,0,0,0,0,0,0,0,0,0,0,0,16,2,14,0,0,0,1,0.07142857142857142,0,0,0,6,0,0,0,0,0,0
"https://docs.google.com/presentation/d/e/2PACX-1vQOpqG697iAbgQyT-WG05ReADs7pZrjQ1pJtBGNCN5cYDW2QdPfLQqvg7wDibx6eoHBJ98sUzpt_5iF/pub",123,1,15,0,0,2,0,0,5,0,"google.com",1,1,"Google Trust Services",10134.35,1187.65,"http://www.markmonitor.com",0,0,0,28,66,1,1,0,0,0,0,0,1,1,0.07142857142857142,0,0,0,7,0.7777777777777778,9,8,0,0,0,0,0,0,0,0,0,0,0,0,0,0,0,0,0,0,0,19,18,1,0,1,1,0,0,0.1111111111111111,0,0,22,0,1,0,0,0,0
"https://tinyurl.com/3xht4cub",20,0,11,0,1,0,0,0,1,0,"tinyurl.com",1,1,"Google Trust Services",8539.26,1322.74,"http://tucowsdomains.com",0,1,1,28,64,1,0,0,25,1,1,0.041666666666666664,0,0,0,17,0,1,1,0.08333333333333333,12,18,14,4,0.2857142857142857,0,0,0,0,0,1,1,1,0,1,0,0,0,0,0,1,29,12,17,0,0,0,17,1,0,0,0,14,0,0,0,0,0,0
"https://share-eu1.hsforms.com/2GofWPbP7SxO0zd9KDv0huw2f0n6r",51,1,21,0,0,1,0,0,1,0,"hsforms.com",0,0,"Unknown",4286.87,461.13,"http://www.markmonitor.com",0,0,0,30,64,1,4,1,1,0,0,0,0,0,0,5,0,1,6,0.8571428571428571,7,11,1,1,1,0,0,0,0,0,0,0,0,0,0,0,0,0,0,0,0,11,6,5,1,0,2,5,1,0.5,0,0,0,0,0,0,0,0,0
"https://share-eu1.hsforms.com/2bSxwdUgxR9uiUdcnCiXXkg2f0nya",51,1,21,0,0,1,0,0,1,0,"hsforms.com",0,0,"Unknown",4286.87,461.13,"http://www.markmonitor.com",0,0,0,30,64,1,4,1,1,0,0,0,0,0,0,5,0,1,6,0.8571428571428571,7,11,1,1,1,0,0,0,0,0,0,0,0,0,0,0,0,0,0,0,0,11,6,5,1,0,2,5,1,0.5,0,0,0,0,0,0,0,0,0
"https://eu.jotform.com/app/251212299977366",34,1,14,0,0,0,0,0,2,0,"jotform.com",1,1,"Google Trust Services",7156.55,1609.45,"http://tucowsdomains.com",0,0,0,29,65,1,1,0,0,0,0,0,0,1,0,8,0,0.8888888888888888,11,0.36666666666666664,30,19,0,0,0,0,0,0,0,0,0,0,0,0,0,0,0,0,0,0,0,13,4,9,0,0,0,8,0.8888888888888888,0,0,0,51,0,0,0,0,0,0
"https://eu.jotform.com/app/251213173421342",34,1,14,0,0,0,0,0,2,0,"jotform.com",1,1,"Google Trust Services",7156.55,1609.45,"http://tucowsdomains.com",0,0,0,29,65,1,1,0,0,0,0,0,0,5,0,8,0,0.8888888888888888,11,0.36666666666666664,30,19,0,0,0,0,0,0,0,0,0,0,0,0,0,0,0,0,0,0,0,13,4,9,0,0,0,8,0.8888888888888888,0,0,0,53,0,0,0,0,0,0
"https://share-eu1.hsforms.com/2rGKKN7RGTTun-bC0yl0puw2f01z1",51,1,21,0,0,2,0,0,1,0,"hsforms.com",0,0,"Unknown",4286.88,461.12,"http://www.markmonitor.com",0,0,0,30,64,1,4,1,1,0,0,0,0,0,0,5,0,1,6,0.8571428571428571,7,11,1,1,1,0,0,0,0,0,0,0,0,0,0,0,0,0,0,0,0,11,6,5,1,0,2,5,1,0.5,0,0,0,0,0,0,0,0,0
"https://eu.jotform.com/app/251211689812356",34,1,14,0,0,0,0,0,2,0,"jotform.com",1,1,"Google Trust Services",7156.55,1609.45,"http://tucowsdomains.com",0,0,0,29,65,1,1,0,0,0,0,0,0,1,0,8,0,0.8888888888888888,11,0.36666666666666664,30,19,0,0,0,0,0,0,0,0,0,0,0,0,0,0,0,0,0,0,0,13,4,9,0,0,0,8,0.8888888888888888,0,0,0,48,0,0,0,0,0,0
"https://app.jotform.com/251201407801543",31,1,15,0,0,0,0,0,1,0,"jotform.com",1,1,"Google Trust Services",7156.55,1609.45,"http://tucowsdomains.com",0,0,0,29,65,1,1,0,0,0,0,0,0,1,0,8,0,0.8888888888888888,11,0.36666666666666664,30,19,0,0,0,0,0,0,0,0,0,0,0,0,0,0,0,0,0,0,0,13,4,9,0,0,0,8,0.8888888888888888,0,0,0,48,0,0,0,0,0,0
"https://share-eu1.hsforms.com/2tSVkwb7USgejawRCebJrEw2ez3cu",51,1,21,0,0,1,0,0,1,0,"hsforms.com",0,0,"Unknown",4286.88,461.12,"http://www.markmonitor.com",0,0,0,30,64,1,4,1,1,0,0,0,0,0,0,5,0,1,6,0.8571428571428571,7,11,1,1,1,0,0,0,0,0,0,0,0,0,0,0,0,0,0,0,0,11,6,5,1,0,2,5,1,0.5,0,0,0,0,0,0,0,0,0
"https://rb.gy/xl6j2a",12,0,5,0,0,0,0,0,1,0,"rb.gy",1,1,"Amazon",2097.19,94.81,"http://www.1API.net/",0,0,0,30,64,0,0,0,0,0,0,0,0,0,0,0,0,0,0,0,0,0,1,0,0,0,0,0,0,0,0,0,0,0,0,0,0,0,0,0,0,0,0,0,0,0,0,0,0,0,0,0,0,0,0,0,0,0,0
"https://share-na2.hsforms.com/2Yp45DtPQRJygAaFH5wzq3Q40gorb",51,1,21,0,0,1,0,0,1,0,"hsforms.com",0,0,"Unknown",4286.88,461.12,"http://www.markmonitor.com",0,0,0,30,64,1,4,1,1,0,0,0,0,0,0,5,0,1,6,0.8571428571428571,7,11,1,1,1,0,0,0,0,0,0,0,0,0,0,0,0,0,0,0,0,11,6,5,1,0,2,5,1,0.5,0,0,0,0,0,0,0,0,0
"https://dnsndvr.135-237-45-132.nip.io/home?c_ds_na=text%2Fhtml%2Capplication%2Fxhtml%2Bxml%2Capplication%2Fxml%3Bq%3D0.9%2Cimage%2Favif%2Cimage%2Fwebp%2Cimage%2Fapng%2C%2A%2F%2A%3Bq%3D0.8%2Capplication%2Fsigned-exchange%3Bv%3Db3%3Bq%3D0.7&c_ds_no=F9fQW1cDONkWPhzRNGUEjINoszj54f1ghu9C5eI0Zw",281,2,29,0,0,4,0,2,1,1,"nip.io",1,1,"Let's Encrypt",4753.83,359.17,"https://www.gandi.net",0,0,0,30,64,1,0,0,5,0,0,0,0,0,0,0,0,0,0,0,9,0,2,0,0,1,1,0,0,0,0,0,0,0,0,0,0,0,0,0,0,0,0,0,0,0,0,0,0,0,0,0,4,0,0,0,1,0,0
"https://gamerzchoices.com/MKVDN?idtrack=nhiif9vv",40,0,17,0,0,0,0,1,1,0,"gamerzchoices.com",1,1,"Let's Encrypt",2015.24,176.76,"http://www.namecheap.com",0,8,0,28,58,1,0,0,2,0,0,0,0,2,0,0,0,0,0,0,5,0,1,0,0,0,0,0,0,0,0,0,0,0,0,0,0,0,0,0,0,0,0,0,0,0,0,0,0,0,0,0,0,0,0,0,0,0,0
"https://boytoys.com.mx/pzaa/Sites/index.html",36,0,14,0,0,0,0,0,3,0,"boytoys.com.mx",1,1,"Let's Encrypt",178.52,186.48,"https://publicdomainregistry.com",0,11,1,29,53,1,0,0,23,0,2,0.08695652173913043,0,0,0,6,3,0.2857142857142857,8,0.34782608695652173,23,14,4,2,0.5,2,0,0,0,0,3,3,0,2,3,0.6666666666666666,1,1,1,0,4,29,8,21,0,0,1,6,0.2857142857142857,0.125,0,0,4,0,0,0,2,0,0